Avenida do Aeroporto,E82,12
Circular Regional Interna do Porto,Rua da Estacao,6
Avenida do Aeroporto,VRI,6
Rua de Dom Manuel II,Rua do Campo Alegre,6
Circular Regional Interna do Porto,Avenida da Boavista,5
Avenida dos Aliados,Rua de Sa da Bandeira,5
Rua de Pedro Hispano,Rua da Constituicao,5
Rua do Freixo,Rua da Estacao,5
Estrada da Circunvalacao,Hospital de Sao Joao,5
Rua de Costa Cabral,Rua da Alegria,5
Avenida da Boavista,Rua de Belos Ares,4
Rua de Dom Manuel II,Rua de Sa da Bandeira,4
VRI,E82,4
Rua de Sa da Bandeira,Rua de Julio Dinis,4
Circular Regional Interna do Porto,Via de Cintura Interna,4
Praca de Mouzinho de Albuquerque,Rua do Capitao Henrique Galvao,3
Rua de Diogo Botelho,Rua do Campo Alegre,3
IP1,E82,3
Rua de Julio Dinis,Avenida da Boavista,3
Avenida de Rodrigues de Freitas,Rua da Estacao,3
Rua da Alegria,Rua da Firmeza,3
Rua do Barreiro,Avenida do Aeroporto,3
Avenida Mario Brito,Avenida do Aeroporto,3
Estrada da Circunvalacao,Avenida do Aeroporto,3
Rua de Sa da Bandeira,Praca de Almeida Garrett,3
Circular Regional Interna do Porto,Rua de Bonjoia,3
IP1,Avenida do Aeroporto,3
E82,Circular Regional Interna do Porto,3
Rua Carlos Malheiro Dias,Rua da Constituicao,3
Circular Regional Interna do Porto,Largo da Estacao,3
Rua de Sa da Bandeira,Avenida da Boavista,3
Rua de Antonio Cardoso,Avenida da Boavista,3
Estrada da Circunvalacao,Circular Regional Interna do Porto,3
Rua de Sa da Bandeira,Rua do Doutor Magalhaes Lemos,3
Rua de Dom Manuel II,Hospital de Santo Antonio,3
Rua de Santo Ildefonso,Largo da Estacao,3
Avenida da Boavista,Avenida do Marechal Gomes da Costa,3
Rua de Pinto Bessa,Avenida de Fernao de Magalhaes,3
Rua de Fernandes Tomas,Praca da Republica,3
Circular Regional Interna do Porto,Avenida do Marechal Gomes da Costa,3
Rua de O Primeiro de Janeiro,Avenida da Boavista,3
Praca de Mouzinho de Albuquerque,Rua de Agramonte,3
Rua de Sa da Bandeira,Praca de Mouzinho de Albuquerque,3
Rua do Campo Alegre,Via Panoramica Edgar Cardoso,3
Avenida de Sidonio Pais,Avenida Associacao Empresarial de Portugal,3
Rua de Julio Dinis,Praca de Mouzinho de Albuquerque,3
Rua do Campo Alegre,Rua de Julio Dinis,3
Rua de Sa da Bandeira,Rua Doutor Tiago de Almeida,3
Rua do Campo Alegre,Avenida da Boavista,3
Avenida de Fernao de Magalhaes,Estrada da Circunvalacao,3
Rua de Dom Manuel II,Rua Doutor Alberto Aires de Gouveia,3
Escola Superior de Enfermagem,Estrada da Circunvalacao,3
Rua Nova de Sao Crispim,Avenida de Fernao de Magalhaes,3
Avenida da Boavista,Rua Professor Vicente Jose de Carvalho,3
Rua de Dom Manuel II,Rua de Dom Pedro V,2
Rua da Igreja de Paranhos,Rua Doutor Roberto Frias,2
Rua de Sa da Bandeira,Praca do Marques de Pombal,2
Rua do Bonjardim,Avenida dos Aliados,2
Praca do Marques de Pombal,Avenida dos Aliados,2
Via de Cintura Interna,Avenida da Boavista,2
Rua de Camoes,Rua do Paraiso,2
Alameda Professor Hernani Monteiro,Estrada da Circunvalacao,2
Rua de Santa Catarina,Rua do Doutor Magalhaes Lemos,2
Rua de Sa da Bandeira,Rua da Fabrica,2
Rua de Faria Guimaraes,Rua da Constituicao,2
Rua de Latino Coelho,Rua da Alegria,2
Rua Formosa,Rua de Sa da Bandeira,2
Praca da Liberdade,Rua Campo dos Martires da Patria,2
Rua da Boavista,Rua do Doutor Magalhaes Lemos,2
Rua de Alexandre Herculano,Avenida da Franca,2
Avenida de Fernao de Magalhaes,Rua de Diogo Botelho,2
Rua de Faria Guimaraes,Avenida dos Aliados,2
Rua de Costa Cabral,Hospital de Sao Joao,2
Rua do Monte dos Burgos,Estrada da Circunvalacao,2
Rua de Santo Ildefonso,Rua da Alegria,2
Via de Cintura Interna,Avenida da Republica,2
Rua Formosa,Rua de Egas Moniz,2
Rua do Bonfim,Rua de Pinto Bessa,2
Rua de Costa Cabral,Praca do Marques de Pombal,2
Rua da Estacao,Rua de Pinto Bessa,2
Rua de Sa da Bandeira,Rua das Carvalheiras,2
Rua Doutor Alberto Aires de Gouveia,Rua Campo dos Martires da Patria,2
Rua da Constituicao,Hospital da Prelada,2
Rua de Elisio de Melo,Hospital de Santo Antonio,2
Praca de Mouzinho de Albuquerque,Rua de Nossa Senhora de Fatima,2
Rua Doutor Manuel Laranjeira,Hospital de Sao Joao,2
Rua de Nossa Senhora de Fatima,Avenida da Franca,2
Avenida do Aeroporto,Avenida da Boavista,2
Rua Joao Mendonca,Estrada da Circunvalacao,2
Praca de Mouzinho de Albuquerque,Rua de Serpa Pinto,2
Rua do Campo Alegre,Rua de Goncalo Sampaio,2
Rua do General Torres,Rua de Serpa Pinto,2
Avenida 25 de Abril,Praca da Corujeira,2
Rua Doutor Alberto Aires de Gouveia,Rua Doutor Tiago de Almeida,2
N14,Avenida Carlos de Oliveira Campos,2
Praca de Dona Filipa de Lencastre,Rua de Dom Manuel II,2
Rua do Monte dos Burgos,Rua de Oliveira Monteiro,2
Via de Cintura Interna,Avenida do Aeroporto,2
Rua de Camoes,Rua de Antero de Quental,2
Rua da Firmeza,Rua de Sa da Bandeira,2
Estrada da Circunvalacao,IC1,2
Rua Dom Frei Vicente da Soledade e Castro,Hospital de Sao Joao,2
Rua Conceicao Fernandes,Avenida da Republica,2
Rua de Bonjoia,Largo da Estacao,2
Rua Doutor Nuno Pinheiro Torres,Rua do Campo Alegre,2
Estrada da Circunvalacao,IC29,2
Largo da Maternidade de Julio Dinis,Rua de Adolfo Casais Monteiro,2
Rua de Alexandre Herculano,Hospital de Santo Antonio,2
Rua de Guerra Junqueiro,Rua do Campo Alegre,2
Rua de Faria Guimaraes,Rua de Bolama,2
Rua de 31 de Janeiro,Avenida dos Aliados,2
Rua da Constituicao,Rua dos Herois e dos Martires de Angola,2
Rua da Vilarinha,Avenida da Boavista,2
Rua Alfredo Allen,Rua Doutor Roberto Frias,2
Viaduto de Goncalo Cristovao,Rua de Goncalo Cristovao,2
Rua Emilio Biel,Rua Peso da Regua,2
Hospital de Sao Joao,Rua Doutor Roberto Frias,2
Rua de Contumil,Rua de Costa Cabral,2
Rua do Campo Alegre,Rua de Sa da Bandeira,2
Rua de Julio Dinis,Rua de Passos Manuel,2
Avenida do Bessa,Rua de O Primeiro de Janeiro,2
Avenida da Boavista,Rua da Boavista,2
Rua Sao Joao de Brito,Avenida da Boavista,2
Via Futebol Clube do Porto,Avenida de Fernao de Magalhaes,2
Rua Sao Joao de Brito,Rua Pinheiro de Campanha,2
Avenida de Fernao de Magalhaes,Rua de Sao Bras,2
Praca de Mouzinho de Albuquerque,Avenida de Sidonio Pais,2
Rua do Monte dos Burgos,Rua de Sarmento de Beires,2
Rua de Oliveira Monteiro,Rua da Quinta Amarela,2
Rua de Elisio de Melo,Rua Professor de Abel Salazar,2
Circular Regional Interna do Porto,Rua de Faria Guimaraes,2
Avenida do Doutor Antunes Guimaraes,Estrada da Circunvalacao,2
Estrada da Circunvalacao,Avenida Doutor Domingos Goncalves de Sa,2
Rua do Freixo,Largo da Estacao,2
Rua de Costa Cabral,Rua de Camoes,2
Avenida de Fernao de Magalhaes,Circular Regional Interna do Porto,2
Rua Doutor Placido da Costa,Hospital de Sao Joao,2
Via de Cintura Interna,Rua Camilo Castelo Branco,2
Circular Regional Interna do Porto,Avenida Associacao Empresarial de Portugal,2
Rua do Campo Alegre,Rua da Venezuela,2
IC1,Estrada Monte de Godim,2
Rua de Alexandre Herculano,Rua de Faria Guimaraes,2
Rua de Camoes,Rua de Fonseca Cardoso,2
Rua Doutor Placido da Costa,Rua Doutor Roberto Frias,2
Rua de Serralves,Rua Ciriaco Cardoso,2
Rua do Bonfim,Avenida 25 de Abril,2
Rua de Alexandre Herculano,Rua da Boavista,2
Circular Regional Interna do Porto,Rua Pinheiro de Campanha,2
Rua de Saraiva de Carvalho,Praca da Republica,2
Praca da Batalha,Rua de Dom Manuel II,2
Rua de Camoes,Praca da Liberdade,2
Via Engenheiro Edgar Cardoso,Largo 5 de Outubro,2
Rua de Diogo Botelho,Rua de Aleixo da Mota,2
Rua de Sao Bras,Rua da Constituicao,2
IP3,Praca da Liberdade,2
Rua de 5 de Outubro,Rua Arquitecto Cassiano Barbosa,2
Avenida dos Aliados,VRI,2
Rua Doutor Roberto Frias,Circular Regional Interna do Porto,2
Rua do Infante Dom Henrique,Rua Nova da Alfandega,2
Rua Nova da Alfandega,Viaduto do Cais das Pedras,2
Rua da Cerca,Avenida do Brasil,2
Rua Doutor Roberto Frias,Rua Doutor Antonio Bernardino de Almeida,2
Circular Regional Interna do Porto,Hospital de Sao Joao,2
Rua da Restauracao,Rua Professor Vicente Jose de Carvalho,2
Avenida dos Aliados,Rua da Trindade,2
Rua de Oliveira Monteiro,Rua da Constituicao,2
Rua Carlos Malheiro Dias,Avenida de Fernao de Magalhaes,2
Rua Coelho Neto,Rua de Santo Ildefonso,2
Avenida de Fernao de Magalhaes,Campo 24 de Agosto,2
Rua de Santo Ildefonso,Largo Padrao,2
Rua do Doutor Magalhaes Lemos,Praca Guilherme Gomes Fernandes,2
Avenida da Boavista,Rua do Marechal Saldanha,2
Rua de Alvares Cabral,Avenida dos Aliados,2
Avenida da Boavista,Praca de Mouzinho de Albuquerque,2
Rua de Dom Joao Iv,Rua da Alegria,2
Rua do Passeio Alegre,Rua de Sa da Bandeira,1
Rua de Passos Manuel,Rua Campo dos Martires da Patria,1
Avenida da Boavista,Rua de Oliveira Monteiro,1
Rua Formosa,Travessa Lameiro,1
Rua do Visconde de Bobeda,Rua de Sao Victor,1
Rua de Oliveira Monteiro,Rua Sousa Aroso,1
Rua de Augusto Rosa,Avenida de Fernao de Magalhaes,1
Rua da Estacao,Rua Cecilia Meireles,1
Avenida dos Aliados,Praca da Liberdade,1
Rua Ciclames,Rua do Cerco do Porto,1
Rua Trindade Coelho,Praca General Humberto Delgado,1
Rua do General Sousa Dias,Praca da Batalha,1
Rua de Faria Guimaraes,Travessa de Antero de Quental,1
Rua Professor de Abel Salazar,Rua do Rosario,1
Rua de Adolfo Casais Monteiro,Largo Sao Domingos,1
Rua de Domingos Sequeira,Rua Camelias,1
Rua Arnaldo Gama,Rua Bitaraes,1
Rua Doutor Alberto Aires de Gouveia,Rua de Camoes,1
Central de Camionagem da Batalha,Rua Arquitecto Marques da Silva,1
Rua do Duque de Loule,Rua do Duque de Saldanha,1
Rua do Monte dos Burgos,Rua de Pedro Hispano,1
Rua dos Herois e dos Martires de Angola,Rua Clube dos Fenianos,1
Avenida Doutor Antonio Macedo,Rua de 5 de Outubro,1
Rua da Constituicao,Rua Mestre Albino Moreira,1
Rua de Justino Teixeira,Rua de Santo Ildefonso,1
Praca de Dom Joao I,Rua do Campo Alegre,1
Rua de Camoes,Rua de Cedofeita,1
Rua da Ribeira Negra,Calcada Convencao de Gramido,1
Rua do Bolhao,Rua do Bonjardim,1
Via Norte,N13,1
Rua de Fonseca Cardoso,Rua de Faria Guimaraes,1
Rua de Camoes,Rua de Faria Guimaraes,1
Rua Doutor Eduardo Santos Silva,Rua Doutor Manuel Pereira da Silva,1
Rua de Camoes,Rua de Rodrigues Sampaio,1
Rua de Rodrigues Sampaio,Rua do Bonjardim,1
Rua do Doutor Magalhaes Lemos,Rua de Rodrigues Sampaio,1
Rua do Campo Alegre,Rua de Alfredo Keil,1
Rua de Vale Formoso,Rua do Doutor Magalhaes Lemos,1
Rua do Paraiso,Rua do Bonjardim,1
Rua da Constituicao,Rua de 9 de Julho,1
Rua das Taipas,Rua Campo dos Martires da Patria,1
Rua de Goncalo Cristovao,Colonia Antero de Quental,1
Rua Doutor Manuel Pereira da Silva,Rua de Brito Capelo,1
Central de Camionagem da Batalha,Rua do Corpo da Guarda,1
Rua da Constituicao,Rua do Lindo Vale,1
Rua de Santa Catarina,Rua de Goncalo Cristovao,1
Rua de Sa da Bandeira,Praca da Liberdade,1
EM615,Rua da Nataria,1
Rua Jorge de Viterbo Ferreira,Rua do Doutor Magalhaes Lemos,1
Estrada da Circunvalacao,Rua Conceicao,1
Rua Costa Junior,Rua de Bartolomeu Velho,1
Rua Azevedo Magalhaes,Avenida da Republica,1
Rua de Candido dos Reis,Rua de Jose Falcao,1
Praca da Republica,Rua do Agueiro,1
Rua do Heroismo,Alameda das Fontainhas,1
Rua Aguas Ferreas,Rua da Boavista,1
Rua de Ceuta,Praca de Almeida Garrett,1
Avenida da Franca,Rua da Boavista,1
Rua de Sa da Bandeira,Rua do Infante Dom Henrique,1
Rua Particular Novais da Cunha,Rua do Cerco do Porto,1
Rua de Pinto Bessa,Praca da Liberdade,1
Rua de Faria Guimaraes,Via Rosa Mota,1
Praca da Republica,Rua Chaimite,1
Avenida de Paiva Couceiro,Rua Chaves de Oliveira,1
Avenida da Praia,Rua Daniel Constant,1
Rua de Faria Guimaraes,Rua da Telheira,1
Rua de Entrecampos,Rua Duarte Lobo,1
Rua de Alvares Cabral,Praca da Republica,1
Rua Horacio Marcal,Rua de Sa da Bandeira,1
Rua Doutor Albino Montenegro,Rua de Avis,1
Praca de Almeida Garrett,Rua Candido dos Reis,1
Rua da Trindade,Rua do Doutor Magalhaes Lemos,1
Alameda Basilio Teles,Praca de Dom Joao I,1
Rua de Goncalo Sampaio,Rua de Sao Dinis,1
Praca da Liberdade,Rua da Igreja de Ramalde,1
Rua do Doutor Magalhaes Lemos,Rua de Costa Cabral,1
Rua Sacadura Cabral,Rua do Duque de Saldanha,1
Praca da Republica,Avenida dos Aliados,1
Rua de Camoes,Avenida dos Aliados,1
IC1,Via de Cintura Interna,1
Rua de Antonio Candido,Rua do Visconde de Setubal,1
Rua do Amial,Circular Regional Interna do Porto,1
Rua do Alferes Malheiro,Rua Mestre Guilherme Camarinha,1
Rua de Dom Manuel II,Rua do General Silveira,1
Rua da Conceicao,Rua Interior da Faculdade de Direito,1
Rua dos Clerigos,Rua Campo dos Martires da Patria,1
Largo 1 de Dezembro,Rua da Alegria,1
Rua dos Martires da Liberdade,Avenida dos Aliados,1
Rua de Santa Justa,Avenida de Fernao de Magalhaes,1
Rua do Doutor Magalhaes Lemos,Esplanada do Castelo,1
Praca dos Poveiros,Rua da Alegria,1
Rua de Diogo Botelho,Rua do Doutor Magalhaes Lemos,1
Rua de Joao Pedro Ribeiro,Rua de Camoes,1
Rua da Ribeira Negra,Rua Escura,1
Rua do Carmo,Praca de Dom Joao I,1
Praca do Imperio,Avenida Engenheiro Duarte Pacheco,1
Rua de Serpa Pinto,Rua de Domingos Sequeira,1
Rua de Ferreira Borges,Rua do Infante Dom Henrique,1
Rua de Julio Dinis,Rua de Alexandre Herculano,1
Rua do Campo Alegre,Rua da Mocidade da Arrabida,1
Rua de Costa Cabral,Rua Professor Duarte Leite,1
Via Futebol Clube do Porto,Rua do Amial,1
Rua de Serpa Pinto,Praca de Almeida Garrett,1
Avenida Dom Afonso Henriques,Avenida Villagarcia de Arosa,1
Rua de Faria Guimaraes,Rua da Trindade,1
Rua de Augusto Lessa,Rua de Camoes,1
Praca de 9 de Abril,Rua do Doutor Magalhaes Lemos,1
Rua Doutor Antonio Bernardino de Almeida,Rua de Clemente Meneres,1
Avenida dos Combatentes da Grande Guerra,Rua do Infante Dom Henrique,1
Rua Bitaraes,Rua de Santa Catarina,1
Alameda de Cartes,Estrada da Circunvalacao,1
Rua da Nau Vitoria,Rua Joaquim Antonio de Aguiar,1
Estrada da Circunvalacao,Praceta Mario de Sa Carneiro,1
Rua de Faria Guimaraes,E82,1
Via de Cintura Interna,Estrada da Circunvalacao,1
Rua de Nossa Senhora de Fatima,Rua de Julio Dinis,1
Rua de Mouzinho da Silveira,Rua do Amparo,1
Rua Dom Frei Vicente da Soledade e Castro,Rua Henrique de Sousa Reis,1
Rua do Conselheiro Veloso da Cruz,Avenida Nuno Alvares,1
Rua Estacao,IC1,1
Rua de Santa Catarina,Rua de Santos Pousada,1
Rua Campo dos Martires da Patria,Rua de Elisio de Melo,1
Rua Sao Roque da Lameira,Rua Jose Ribeiro da Silva,1
Rua do Amial,Rua do Conde de Campo Bello,1
Viaduto de Goncalo Cristovao,Rua do Pinhal,1
Via Rosa Mota,Rua da Constituicao,1
Avenida Liberdade,Rua do Rosario,1
Rua Conde de Vizela,Praca da Liberdade,1
Rua Sacadura Cabral,Rua Pinheiro de Campanha,1
Rua do Doutor Magalhaes Lemos,Rua Vasco Lobeira,1
Rua Pinho Leal,Largo de Nevogilde,1
Rua de Julio Dinis,Rua de Dom Manuel II,1
Rua Antonio da Silva Cruz,IC1,1
Rua da Alegria,Rua de Alexandre Herculano,1
Travessa Campo 24 de Agosto,Campo 24 de Agosto,1
Avenida de Paiva Couceiro,Rua Sao Roque da Lameira,1
Travessa Campo 24 de Agosto,Travessa Fernao de Magalhaes,1
Rua de Santa Catarina,Rua da Trindade,1
Rua do Doutor Magalhaes Lemos,Rua do Campo Alegre,1
Rua do Duque de Loule,Avenida dos Aliados,1
Rua do Campo Alegre,Rua Andrade Corvo,1
Rua de Fernandes Tomas,Rua de Dom Joao Iv,1
Rua Joao de Oliveira Ramos,Rua de Antero de Quental,1
Rua da Constituicao,Rua de Camoes,1
Via de Cintura Interna,Rua Navegantes,1
Rua Doutor Antonio Bernardino de Almeida,Rua do Doutor Magalhaes Lemos,1
Avenida de Fernao de Magalhaes,Rua da Estacao,1
Rua Afonso de Albuquerque,Rua Damiao de Gois,1
Rua Antonio da Silva Marinho,Rua Manuel Pinto de Azevedo,1
Rua do Doutor Magalhaes Lemos,Rua Henrique de Sousa Reis,1
Rua de Olivenca,Rua de Faria Guimaraes,1
Rua da Igreja da Areosa,Rua de Costa Cabral,1
Avenida de Fernao de Magalhaes,Rua Doutor Francisco Sa Carneiro,1
Rua dos Castelos,Rua Maria Lamas,1
Rua de Bolama,Rua Aval de Baixo,1
Rua Aurelio da Paz dos Reis,Avenida Dom Manuel II,1
Rua de Pedro Hispano,Rua de Costa Cabral,1
Rua Doutor Roberto Frias,Rua Henrique de Sousa Reis,1
Praca General Humberto Delgado,Circular Regional Interna do Porto,1
Rua Dom Joao de Mascarenhas,Rua do Campo Alegre,1
Rua de Mouzinho da Silveira,Via de Cintura Interna,1
Rua do Pinhal,Avenida do Aeroporto,1
Rua de Julio Dinis,Rua Conde de Vizela,1
Praca Estacao,Rua da Quinta Amarela,1
Rua Clube dos Fenianos,Circular Regional Interna do Porto,1
IP1,Avenida de Rodrigues de Freitas,1
VRI,Rua do Pinhal,1
Rua Delfim Maia,Rua Professor Augusto Nobre,1
Rua da Trindade,Avenida de Fernao de Magalhaes,1
Calcada Ranha,Avenida Vasco da Gama,1
Travessa Cortes,Circular Regional Interna do Porto,1
IP1,Circular Regional Interna do Porto,1
Via de Cintura Interna,Rua Toural,1
Calcada Sobre-o-Douro,Rua da Restauracao,1
Rua Doutor Antonio Luis Gomes,Rua Delfim Maia,1
Largo Cruz,Rua Dom Afonso Henriques,1
Rua de Camoes,Rua Conceicao Fernandes,1
Rua da Quinta Amarela,Rua de Egas Moniz,1
Calcada das Virtudes,Rua Francisco da Rocha Soares,1
Cais da Estiva,Rua do Almada,1
Rua Grupo Folclorico Gondomar,Rua de Sao Pedro,1
Rua do Campo Lindo,Praca de Carlos Alberto,1
Rua do Meiral,Rua do Freixo,1
Alameda de Cartes,Rua Lameira Cima,1
Rua Matias de Albuquerque,Avenida 25 de Abril,1
Rua de Santa Catarina,Rua de Costa Cabral,1
Praca Ribeira,Avenida da Franca,1
Rua do Campo Alegre,E82,1
E82,Avenida Mario Brito,1
Rua da Constituicao,Rua de Delfim Ferreira,1
Rua de Fez,Rua do Crasto,1
Rua Barranha,Avenida do Aeroporto,1
Rua Bartolomeu Dias,Rua de Costa Cabral,1
IC1,Rua do Barreiro,1
Largo da Estacao,Rua da Quinta Amarela,1
Rua de Passos Manuel,Rua de Alexandre Herculano,1
Rua de Fernandes Tomas,Rua do Doutor Magalhaes Lemos,1
Rua Rio da Fonte,Rua Leote do Rego,1
Rua da Constituicao,Avenida Engenheiro Duarte Pacheco,1
Avenida de Fernao de Magalhaes,Rua Pinheiro de Campanha,1
Rua de Entrecampos,IC1,1
Avenida dos Aliados,Rua do Professor Antonio Cruz,1
Granja,Rua de Joao de Deus,1
IC1,Rua Dom Antonio Barroso,1
Rua Doutor Tiago de Almeida,Rua do Falcao,1
Rua de Santo Ildefonso,Rua de Mouzinho da Silveira,1
Praca do Marques de Pombal,Rua de Anibal Cunha,1
Rua Pinheiro de Campanha,Rua de Bonjoia,1
Rua do Doutor Magalhaes Lemos,Rua Calouste Gulbenkian,1
Campo 24 de Agosto,Largo da Estacao,1
Rua da Constituicao,Praca do Marques de Pombal,1
Rua da Fabrica,Praca do Marques de Pombal,1
Rua Bitaraes,Rua de Saraiva de Carvalho,1
Rua do Monte dos Burgos,Rua do Capitao Henrique Galvao,1
VRI,Rua de Olivenca,1
Largo Sao Pedro,Estrada Dom Miguel,1
Rua Dom Joao de Mascarenhas,Rua de Pedro Hispano,1
Rua da Igreja de Paranhos,Rua Doutor Manuel Pereira da Silva,1
Rua de Barros Lima,Rua de Dom Manuel II,1
Rua do General Sousa Dias,Avenida de Rodrigues de Freitas,1
Rua Doutor Alberto Aires de Gouveia,Rua de Agramonte,1
Rua de Alexandre Herculano,Rua do Cativo,1
Rua do Doutor Magalhaes Lemos,Rua de Dom Joao Iv,1
Rua Carrical,Rua Maria Feliciana,1
Rua Pereira Reis,Rua do Alferes Malheiro,1
Rua de Pedro Escobar,Rua Arroteia,1
Rua do Doutor Magalhaes Lemos,Rua da Constituicao,1
Rua Manuel Serra,Praca Estacao,1
Rua da Trindade,Rua Doutor Barros,1
Rua de Costa Cabral,Rua da Torrinha,1
Rua de Justino Teixeira,Rua Azevedo,1
Rua do Bonjardim,Rua de Camoes,1
Avenida de Fernao de Magalhaes,Largo da Estacao,1
Rua da Alegria,Rua da Estacao,1
Rua Central de Arcos,Rua de Alvares Cabral,1
Rua da Constituicao,Rua Ilse Losa,1
Travessa Areosa,Rua Doutor Placido da Costa,1
Rua do Freixo,Rua do General Sousa Dias,1
Avenida do Marechal Gomes da Costa,Rua de Vieira da Silva,1
Largo de Ferreira Lapa,Rua do Capitao Henrique Galvao,1
Viaduto de Goncalo Cristovao,IC1,1
Rua Sao Roque da Lameira,Avenida dos Aliados,1
Rua do Campo Alegre,Via de Cintura Interna,1
Rua Doutor Roberto Frias,Rua Godinho de Faria,1
Ponte do Infante,Rua Silva Tapada,1
Rua Linhares,Rua do Barreiro,1
Rua do Capitao Henrique Galvao,Rua de Damiao de Gois,1
Rua Doutor Vasco Valente,Rua Campinas,1
Rua de O Primeiro de Janeiro,Rua Joao Grave,1
Praca de Almeida Garrett,Rua da Estacao,1
Rua Carlos Malheiro Dias,Praca do Marques de Pombal,1
Rua do Duque de Saldanha,Rua do Heroismo,1
Rua Manuel Pinto de Azevedo,Rua Direita de Pereiro,1
Estrada da Circunvalacao,IC24,1
Rua de Faria Guimaraes,IP1,1
Rua Manuel Pinto de Azevedo,Rua da Constituicao,1
Rua do Tenente Valadim,Rua Camilo Castelo Branco,1
Rua de Custio,Avenida do Aeroporto,1
Viela da Senhora da Lapa,Largo Jose dos Santos Lessa,1
Avenida do Bessa,Rua da Madeira,1
Rua de Serpa Pinto,Cais do Cavaco,1
Rua Conde Avranches,Rua Delfim Maia,1
Rua das Taipas,Rua Doutor Ribeiro Chaves,1
Rua Formosa,Rua do Conde de Ferreira,1
Rua de Mouzinho da Silveira,Rua do Duque Palmela,1
Rua de 31 de Janeiro,Avenida de Ramos Pinto,1
Rua de Fernandes Tomas,Rua Formosa,1
Avenida da Franca,Rua do Bom Sucesso,1
Rua do Bonjardim,Rua do Amial,1
Rua Lidador,Estrada da Circunvalacao,1
Rua de Sa da Bandeira,Praca de Gomes Teixeira,1
Largo 5 de Outubro,Via de Cintura Interna,1
Rua de Bonjoia,Rua da Estacao,1
Rua Tareija Vaz de Altaro,Rua Corujeiras,1
Rua Guerra Junqueiro,Estrada da Circunvalacao,1
Rua do Campo Alegre,Rua das Antas,1
Praca de Carlos Alberto,Instituto de Medicina Legal,1
Circular Regional Interna do Porto,Rua de Delfim Ferreira,1
Alameda Jardins da Arrabida,Via de Cintura Interna,1
Rua de Alexandre Herculano,Rua Candido dos Reis,1
Avenida da Boavista,Avenida do Doutor Antunes Guimaraes,1
Rua Cardeal Dom Americo,Rua Maria Adelaide Freitas Concalves,1
Circular Regional Interna do Porto,Rua Sociedade Protectora dos Animais,1
Avenida dos Aliados,Rua Francisco Sanches,1
Rua de Pinto Bessa,Rua de Sa da Bandeira,1
Avenida Associacao Empresarial de Portugal,Rua Pinheiro de Campanha,1
Rua 26 de Agosto de 2003,Rua da Constituicao,1
Rua Doutor Manuel Pereira da Silva,Rua Doutor Placido da Costa,1
Rua Encosta do Sol,Avenida do Aeroporto,1
Praca do Exercito Libertador,Rua de Sao Bras,1
Rua do Pinhal,Rua Barranha,1
Rua Conde Covilha,Rua Angola,1
Rua da Vilarinha,Rua das Condominhas,1
Rua de Anibal Cunha,Largo da Estacao,1
Rua do Amial,Rua Escultor Barata Feyo,1
Rua de Guerra Junqueiro,Rua Sao Joao de Brito,1
Avenida da Boavista,Rua de Moraes Caldas,1
Via de Cintura Interna,Vereda de Vilar de Baixo,1
Rua de Miguel Bombarda,Avenida do Aeroporto,1
Praca do Marques de Pombal,Campo 24 de Agosto,1
Rua Herois da Patria,Rua Padre Luis Antonio Farinhote,1
Rua do Bonfim,Rua da Estacao,1
Rua de Serpa Pinto,Rua de Sao Dinis,1
Rua do Melo,Rua de Goncalo Cristovao,1
Avenida da Cidade de Leon,Rua do Freixo,1
Rua Sao Roque da Lameira,Rua de Augusto Lessa,1
Rua Afonso de Albuquerque,Rua de Antero de Quental,1
Rua de Oliveira Monteiro,Largo da Maternidade de Julio Dinis,1
Praca do Marques de Pombal,Praca das Flores,1
Avenida dos Aliados,Rua de Dom Manuel II,1
Rua do Barreiro,Rua Barranha,1
Praca da Corujeira,Rua do Falcao,1
Rua do Barreiro,E82,1
Rua Raul Caldevilla,Rua Cesar das Neves,1
Rua de Costa Cabral,Rua do Abade de Bacal,1
Rua Nova da Alfandega,Rua da Restauracao,1
Rua de Vale Formoso,Circular Regional Interna do Porto,1
Rua do Pinheiro Manso,Rua de Diogo Botelho,1
E82,Rua do Sargento Abilio,1
Rua Professor Bento de Jesus Caraca,Rua da Estacao,1
Via Futebol Clube do Porto,Rua Luis Veiga Leitao,1
Rua Vila Nova de Foz Coa,Via Norte,1
Avenida de Dom Mendo,Rua Azevedo Coutinho,1
Praca da Batalha,Rua de 31 de Janeiro,1
Praca da Liberdade,Rua da Alegria,1
Rua de Sa da Bandeira,Rua da Trindade,1
Rua de Santos Pousada,Praca do Marques de Pombal,1
Via Futebol Clube do Porto,Rua Jeronimo Mendonca,1
Rua Angola,Avenida Vasco da Gama,1
Rua de Santos Pousada,Rua de Alexandre Herculano,1
Rua de Antonio Aroso,Rua de Bonjoia,1
Avenida Dom Afonso Henriques,Central de Camionagem da Batalha,1
Avenida de Paiva Couceiro,Rua Dona Leonor de Freitas,1
Avenida Mario Brito,Avenida de Sidonio Pais,1
Rua das Berlengas,Hospital de Sao Joao,1
Rua Doutor Antonio Luis Gomes,Rua Aguas Ferreas,1
Rua Horacio Marcal,Rua Dom Frei Vicente da Soledade e Castro,1
Avenida Associacao Empresarial de Portugal,Rua do Barreiro,1
Praca de Dom Joao I,Rua da Firmeza,1
Rua Professor de Abel Salazar,Avenida de Paiva Couceiro,1
Rua Pintor Antonio Cruz,Rua da Mocidade da Arrabida,1
Rua General Norton de Matos,Avenida Calouste Gulbenkian,1
Rua da Boavista,Rua de Nossa Senhora de Fatima,1
E82,Avenida da Republica,1
Rua Conde de Castro,Rua Cegonhas,1
Rua de Elisio de Melo,Rua Professor Vicente Jose de Carvalho,1
Rua Doutor Placido da Costa,Rua da Constituicao,1
Rua do Relogio,Rua de Augusto Lessa,1
Rua Eugenio de Castro,Rua Dom Frei Vicente da Soledade e Castro,1
Rua de Camara Pestana,Avenida de Fernao de Magalhaes,1
Rua Bitaraes,Rua Doutor Antonio Bernardino de Almeida,1
Rua de Damiao de Gois,Rua do Bonjardim,1
Rua dos Martires da Liberdade,Avenida do Aeroporto,1
Rua do Monte dos Burgos,Hospital Magalhaes Lemos,1
Rua da Ribeira Grande,Hospital de Sao Joao,1
Avenida Associacao Empresarial de Portugal,Rua de Bonjoia,1
Hospital da Prelada,Rua de Sarmento de Beires,1
Praca de Almeida Garrett,Rua do General Silveira,1
Rua de Santa Catarina,Rua Comandante Rodolfo de Araujo,1
Avenida do Aeroporto,Avenida Associacao Empresarial de Portugal,1
Hospital de Sao Joao,Rua da Alegria,1
Rua Sao Roque da Lameira,Rua Doutor Tiago de Almeida,1
Praca da Republica,Avenida da Boavista,1
Rua do Niassa,Rua de Serpa Pinto,1
Rua do Barao de Sao Cosme,Rua Azevedo Magalhaes,1
Avenida dos Combatentes da Grande Guerra,Rua de Costa Cabral,1
Rua do Freixo,Rua de Bonjoia,1
Rua de Rei Ramiro,Rua Doutor Antonio Granjo,1
Avenida dos Aliados,Rua Poente,1
Rua de Latino Coelho,Rua do Seixal,1
Circular Regional Interna do Porto,Rua Aires de Ornelas,1
Rua do Campo Alegre,A1,1
Rua do Almada,Hospital de Santo Antonio,1
Circular Regional Interna do Porto,Rua Herois da Patria,1
Rua Sao Roque da Lameira,Rua do Almada,1
Avenida de Ramos Pinto,Avenida de Diogo Leite,1
Rua do Amial,Rua de Sao Dinis,1
Rua das Fontainhas,Praca dos Poveiros,1
Rua Fonte de Massarelos,Rua de Diogo Botelho,1
Avenida da Cidade de Leon,Rua Pinheiro Grande,1
Rua Alto do Reguengo,Rua do Campo Alegre,1
Rua de Anibal Cunha,Rua do Rosario,1
VRI,Rua do Barreiro,1
Rua de Rebordaos,Rua do Freixo,1
Avenida de Paiva Couceiro,Circular Regional Interna do Porto,1
Praca de Almeida Garrett,Rua da Regeneracao,1
Avenida Manoel de Oliveira,Rua do Choupelo,1
Rua da Restauracao,Rua Caetano de Melo,1
Rua Delfim Maia,Rua de Antero de Quental,1
Rua Miosotis,Rua Professor Agostinho da Silva,1
Viaduto de Goncalo Cristovao,Rua Dom Agostinho de Jesus e Sousa,1
Rua Fernando Pessoa,Rua Afonso Lopes Vieira,1
Rua Dom Agostinho de Jesus e Sousa,Travessa do Covelo,1
Alameda Professor Hernani Monteiro,Travessa Doutor Barros,1
Rua da Boavista,Rua de Cedofeita,1
Rua Tristao da Cunha,Rua Correia de Sa,1
Rua de Fernandes Tomas,Rua Sao Roque da Lameira,1
Via Norte,Rua Lionesa,1
Praca da Batalha,Praca de Dom Joao I,1
Praca Bom Sucesso,Rua Espirito Santo,1
Via de Cintura Interna,Bairro Bom Sucesso,1
Rua Alfredo Allen,Hospital de Sao Joao,1
Rua Sao Roque da Lameira,Largo Padre Baltasar Guedes,1
Rua Professor Augusto Nobre,Rua Olmeiros,1
Rua de Sao Filipe de Nery,Praca de Almeida Garrett,1
Rua da Madeira,Rua Doutor Alberto Aires de Gouveia,1
Rua de Bustes,Rua Antonio Ferreira Braga Junior,1
Avenida do Bessa,Rua Jose Monteiro Salazar,1
Rua do Quanza,Rua de Nossa Senhora de Fatima,1
Rua de Adolfo Casais Monteiro,Rua Professor Jaime Rios de Sousa,1
Rua Interior da Faculdade de Letras da Universidade do Porto,Rua de Dom Manuel II,1
Rua Nossa Senhora Silva,Rua de Vila Nova,1
Avenida O Comercio de Leixoes,IC1,1
Rua de Vale Formoso,Rua Doutor Antonio Bernardino de Almeida,1
Praca Estacao,Estrada da Circunvalacao,1
Rua Professor Bento de Jesus Caraca,Largo da Estacao,1
Via de Cintura Interna,Praca da Batalha,1
Rua Direita do Viso,Rua dos Herois e dos Martires de Angola,1
Rua de Pinto Bessa,Largo da Estacao,1
Travessa Vila Cova,Rua Jaime Brasil,1
Rua de Vale Formoso,Rua de Antero de Quental,1
Rua Arnaldo Leite,Rua Pintor Antonio Cruz,1
Rua Dom Afonso Henriques,Rua Central da Giesta,1
Rua de Alexandre Herculano,Rua de Camoes,1
Rua de Alexandre Herculano,Rua de Santo Ildefonso,1
Rua Damao,E82,1
Rua do Doutor Carlos Cal Brandao,Praca Bom Sucesso,1
Rua Vasques de Mesquita,Estrada da Circunvalacao,1
Rua Azevedo,Rua do Amparo,1
Rua de Anibal Cunha,Rua Santa Luzia,1
Circular Regional Interna do Porto,Rua de Sao Tome,1
Rua de Dom Joao Iv,Avenida de Fernao de Magalhaes,1
Rua de Dom Joao Iv,Rua da Reboleira,1
Rua do Campo Alegre,Rua Professor de Abel Salazar,1
Rua da Prelada,Rua de Belos Ares,1
Rua do Cantor Zeca Afonso,Rua de Faria Guimaraes,1
Rua do Duque de Saldanha,Rua do Duque da Terceira,1
Rua Doutor Eduardo Torres,Avenida Associacao Empresarial de Portugal,1
Rua de Domingos Sequeira,Praca de Dom Joao I,1
Rua Engenheiro Luis Delgado dos Santos,Rua Artur Bras,1
Avenida Calouste Gulbenkian,Avenida de Sidonio Pais,1
Rua da Cerca,E82,1
Rua Oliveira Gaio,IP1,1
Rua da Estacao,Rua Antonio Carneiro,1
Rua de Dom Manuel II,Avenida da Franca,1
Travessa Corujeira de Baixo,Avenida de Fernao de Magalhaes,1
Rua da Constituicao,Rua Nova de Sao Crispim,1
Rua da Quinta Amarela,Rua Vieira Portuense,1
Rua Alberto de Serpa,Rua Doutor Aarao de Lacerda,1
Rua de Anibal Cunha,Rua de Egas Moniz,1
Rua Diogo Macedo,Rua Doutor Jose Antonio Marques,1
Rua de Joao Pedro Ribeiro,Rua de 5 de Outubro,1
Rua de Costa e Almeida,Rua de Rogerio Azevedo,1
Rua Doutor Tiago de Almeida,Rua de Elisio de Melo,1
Rua Professor Rodolfo de Abreu,Rua Antonio Pinto Machado,1
Rua do Padre Americo,Rua Beato Inacio de Azevedo,1
Rua de Serralves,Avenida da Boavista,1
Avenida da Franca,Rua Azevedo Coutinho,1
Rua de Goncalo Cristovao,Rua Formosa,1
Rua Filipa de Lencastre,Rua Bento Junior,1
Rua Valpacos,Rua Diogo Macedo,1
Rua de Cedofeita,Rua Conde de Vizela,1
Rua do Doutor Magalhaes Lemos,Rua de Dom Manuel II,1
Praca de Dom Joao I,Praca de Almeida Garrett,1
Rua da Constituicao,Rua da Vilarinha,1
Via Engenheiro Edgar Cardoso,Via de Cintura Interna,1
Rua Peso da Regua,Rua do Meiral,1
Rua Nossa Senhora Fatima,Rua Aldeia Nova,1
Rua da Alianca,Hospital de Santo Antonio,1
Avenida de Rodrigues de Freitas,Praca de Almeida Garrett,1
Rua do Pinhal,Rua do Freixo,1
Rua de Serralves,Rua da Estacao,1
Rua de Costa Cabral,Rua Aurelia de Sousa,1
Avenida Escultores,CDUP,1
Rua de Sao Dinis,Rua de Santos Pousada,1
Avenida do Bessa,Rua Rocha Peixoto,1
Rua de Nove de Abril,Rua das Classes Obreiras,1
Rua da Piedade,Rua Doutor Alberto Aires de Gouveia,1
Rua Padre Diamantino Gomes,Rua de Sao Dinis,1
Rua Professor Mendes Correia,IP1,1
Rua de Costa Cabral,Rua Joao de Oliveira Ramos,1
Rua da Estacao,Rua Sao Rosendo,1
Avenida Associacao Empresarial de Portugal,Rua de Oliveira Monteiro,1
Rua de Sao Bras,Largo Mompilher,1
Rua Professor Rodolfo de Abreu,Rua de Sagres,1
Rua de Contumil,Circular Regional Interna do Porto,1
Rua Lordelo,Avenida do Marechal Gomes da Costa,1
Rua de Jose Falcao,Largo da Estacao,1
Rua de Pedro Hispano,Rua Gomes Eanes de Azurara,1
Rua de Diogo Botelho,Rua da Cerca,1
Rua do Doutor Magalhaes Lemos,Rua do Bonfim,1
Rua do Padre Antonio Vieira,Avenida 25 de Abril,1
Rua do Pinhal,Avenida de Fernao de Magalhaes,1
Rua de Entrecampos,Rua Salazares,1
Rua do Conde de Vilas Boas,Rua da Constituicao,1
Rua Doutor Roberto Frias,Estrada da Circunvalacao,1
Estrada da Circunvalacao,Rua Boavista,1
Travessa das Antas,Via Futebol Clube do Porto,1
Praca da Corujeira,Rua do Bonfim,1
Avenida do Bessa,Rua Joao Araujo Correia,1
Rua de Julio Dinis,Hospital de Santo Antonio,1
Rua de Sao Dinis,Rua da Alegria,1
Rua Doutor Adriano de Paiva,Rua Joaquim Kopke,1
Rua da Igreja de Paranhos,Rua de Fonseca Cardoso,1
Via Interna de Ligacao ao Porto de Leixoes,Rua do Passeio Alegre,1
Rua Camilo Castelo Branco,Rua Manuel Moreira Barros,1
Rua de Ricardo Severo,Rua de Sao Paulo,1
Rua Angola,Rua Professor Mota Pinto,1
Rua de Santos Dias,Avenida de Fernao de Magalhaes,1
Rua do Lugarinho,Rua do Monte dos Burgos,1
Praca da Liberdade,Praca de Almeida Garrett,1
Rua Nova da Alfandega,Rua Professor Manuel Baganha,1
Rua do Rosario,Praca de Gomes Teixeira,1
Rua de Sa da Bandeira,Avenida do Marechal Gomes da Costa,1
Via de Cintura Interna,Rua de Agramonte,1
Travessa Condominhas,Cais da Ribeira,1
Rua de Serpa Pinto,Rua Doutor Tiago de Almeida,1
Rua Academico Futebol Club,Avenida Conde,1
Rua de Sa da Bandeira,Rua Joao das Regras,1
Rua Bernardo Santareno,Rua Afonso Lopes Vieira,1
Rua Arquitecto Cassiano Barbosa,Rua de Julio Dinis,1
Rua da Cerca,Rua de Corte Real,1
Rua da Picaria,Praca de Almeida Garrett,1
Rua de Alfredo Keil,Avenida do Marechal Gomes da Costa,1
Rua Sousa Pinto,Rua Engenheiro Frederico Ulrich,1
Rua Santa Luzia,Via Norte,1
Rua de Anibal Cunha,Rua de Augusto Luso,1
Praca de Gomes Teixeira,Viaduto de Goncalo Cristovao,1
Rua do Bonjardim,Rua Professor Vicente Jose de Carvalho,1
Rua de Costa e Almeida,Praca de 9 de Abril,1
Rua Joao de Oliveira Ramos,Hospital de Santo Antonio,1
Rua de Santo Ildefonso,Rua da Reboleira,1
Praca de Carlos Alberto,Rua Campo dos Martires da Patria,1
Rua de Diu,Avenida do Marechal Gomes da Costa,1
Rua da Constituicao,Rua de Julio Dinis,1
Rua Natalia Correia,Rua da Piedade,1
Rua da Quinta Amarela,Rua da Belgica,1
Rua Amorim de Carvalho,Rua do Visconde de Bobeda,1
Rua do Bonjardim,Rua de Fernandes Tomas,1
Avenida da Boavista,Estrada da Circunvalacao,1
Circular Regional Interna do Porto,Calcada de Godim,1
Rua do Barreiro,Rua de Diogo Botelho,1
Rua do Progresso,Rua Rui de Pina,1
Rua do Alferes Malheiro,Rua Bitaraes,1
Rua da Boavista,Rua General Norton de Matos,1
Praca Bom Sucesso,Rua do Capitao Henrique Galvao,1
Rua de Antero de Quental,Rua de Fonseca Cardoso,1
Rua Afonso de Albuquerque,Avenida de Paiva Couceiro,1
Rua de Oliveira Monteiro,Rua da Boavista,1
Rua Manuel Pinto de Azevedo,Circular Regional Interna do Porto,1
Rua de Fernandes Tomas,Praca de Dona Filipa de Lencastre,1
Avenida da Boavista,Rua de Guerra Junqueiro,1
Rua da Vicorosa,Rua da Vigorosa,1
Rua do Freixo,Rua das Linhas de Torres,1
Rua Nova da Alfandega,Rua do Campo Alegre,1
Rua de Mouzinho da Silveira,Rua do Duque de Loule,1
Praca de Almeida Garrett,Rua do Bonjardim,1
Avenida Lidador da Maia,Avenida Engenheiro Duarte Pacheco,1
Rua Doutor Manuel Laranjeira,Avenida de Fernao de Magalhaes,1
Rua da Estacao,Rua Padre Manuel da Nobrega,1
Rua Sao Roque da Lameira,Rua de Santo Ildefonso,1
Rua de Agramonte,Rua de Serralves,1
Rua de Monsanto,Rua de Antero de Quental,1
Rua de Camoes,Rua Doutor Tiago de Almeida,1
Rua Amandio Tavares,Rua Grijo,1
IC1,Avenida Associacao Empresarial de Portugal,1
Rua de Belos Ares,Rua Julio Lourenco Pinto,1
Avenida de Fernao de Magalhaes,Rua do Professor Bonfim Barreiros,1
Praca de Mouzinho de Albuquerque,Rua do Bom Sucesso,1
Rua Laranjeiras,Avenida Joao de Deus,1
Rua Doutor Vasco Valente,Rua Doutor Aires de Gouveia Osorio,1
Rua do Campo Alegre,Rua Arquitecto Marques da Silva,1
Rua do Bonfim,Rua Doutor Sousa Avides,1
Rua Choupos,Rua Engenheiro Luis Delgado dos Santos,1
Rua Professor Mota Pinto,Avenida do Bessa,1
Rua de Costa Cabral,Rua do Pinhal,1
Rua Ferreira de Castro,Rua Senhora Penha,1
Rua Clube Atletico Rio Tinto,Rua Jaime Brasil,1
Rua do Amial,Rua Mosteiro,1
Rua Santa Marta de Penaguiao,Rua Valpacos,1
Rua de Brito Capelo,Rua Carlos Carvalho,1
Via Norte,Rua Nova do Tronco,1
Rua Direita do Viso,Avenida Dom Manuel II,1
Rua da Alegria,Rua Santo Isidro,1
Rua de Augusto Lessa,Rua de Sagres,1
Estrada Dom Miguel,Estrada Dom Migue,1
Rua Joao Ramalho,Rua da Estacao,1
Praca da Galiza,Rua de Guerra Junqueiro,1
Rua Ciriaco Cardoso,Rua Doutor Nuno Pinheiro Torres,1
Rua de Dom Manuel II,Rua de Guerra Junqueiro,1
Rua do Cunha,Rua de Costa Cabral,1
Rua da Constituicao,Rua da Alegria,1
Rua de Sao Dinis,Rua Nova do Seixo,1
Avenida da Boavista,Rua de Faria Guimaraes,1
Avenida de Fernao de Magalhaes,Avenida dos Combatentes da Grande Guerra,1
Estrada da Circunvalacao,Rua Eca de Queiros,1
Avenida Vasco da Gama,Rua de Damiao de Gois,1
Praca de Carlos Alberto,Rua Actor Joao Guedes,1
Rua de Egas Moniz,Rua de Antero de Quental,1
Avenida de Fernao de Magalhaes,Rua de Sa da Bandeira,1
Rua de Latino Coelho,Rua de Santos Pousada,1
Rua de Silva Tapada,Rua da Renascenca Portuguesa,1
Rua do Infante Dom Henrique,Rua da Restauracao,1
Rua do Bonfim,Rua do Falcao,1
Rua Comendador Antonio Augusto da Silva,Rua Infante Dom Henrique,1
Praca do Marques de Pombal,Rua do Bolhao,1
Rua Pinho Leal,Avenida do Aeroporto,1
Rua Doutor Joaquim Manuel Costa,Rua Novais Cunha,1
Praca da Republica,Rua do Duque de Loule,1
Rua Arnaldo Leite,Rua de Diogo Botelho,1
Travessa Falcao,Praca da Batalha,1
Rua de Cooela,Rua do Monte Cativo,1
Rua Doutor Carlos Ramos,Rua Pinheiro de Campanha,1
Praca do Imperio,Circular Regional Interna do Porto,1
Rua Pereiro,Avenida Fontes Pereira de Melo,1
Rua da Senhora da Luz,Rua Dom Luis Filipe,1
Rua do Campo Alegre,Rua de Paulo da Gama,1
Rua de Damiao de Gois,Avenida da Boavista,1
Rua do Bonfim,Rua Professor de Abel Salazar,1
Avenida Associacao Empresarial de Portugal,Rua do Pinheiro Manso,1
Praca de Almeida Garrett,Rua de Faria Guimaraes,1
Circular Regional Interna do Porto,Rua Lionesa,1
Rua Arroios,Avenida de Fernao de Magalhaes,1
Hospital de Sao Joao,Rua de Sao Tome,1
Rua do Monte dos Burgos,Rua Ciriaco Cardoso,1
Rua de Dom Joao Iv,Travessa da Fontinha,1
Estrada da Circunvalacao,E82,1
N12,Avenida de Paiva Couceiro,1
Rua de Brito Capelo,Rua do Zambeze,1
Rua de Diogo Botelho,Rua Doutor Manuel Laranjeira,1
Viaduto do Cais das Pedras,Central de Camionagem da Batalha,1
Rua da Estacao,Rua de Justino Teixeira,1
Circular Regional Interna do Porto,Rua Ourique,1
Circular Regional Interna do Porto,Largo Noeda,1
Rua do Carmo,Rua de Ceuta,1
Rua de Sa da Bandeira,Rua de Augusto Luso,1
Rua de Entrecampos,Rua do Crasto,1
Estrada da Circunvalacao,Rua Bernardo Santareno,1
Travessa Placido de Abreu,Rua dos Coriscos,1
Rua de Diogo Brandao,Rua Doutor Tiago de Almeida,1
Rua do Choupelo,Rua de Alexandre Herculano,1
Rua de Costa Cabral,Rua do Lindo Vale,1
Rua dos Herois e dos Martires de Angola,Rua do Doutor Ricardo Jorge,1
Rua de Camoes,Avenida de Rodrigues de Freitas,1
Rua de Monsanto,Avenida do Brasil,1
Praca General Humberto Delgado,Praca de Carlos Alberto,1
Praca Trindade,Rua do Campinho,1
Rua do Infante Dom Henrique,Praca Ribeira,1
Estrada da Circunvalacao,Rua do Casal,1
Rua da Constituicao,Avenida Liberdade,1
Largo da Estacao,Avenida da Boavista,1
Rua Professor Alvaro Rodrigues,Rua de Domingos Sequeira,1
Rua de Faria Guimaraes,Hospital de Sao Joao,1
Rua do Doutor Magalhaes Lemos,Rua da Bandeirinha,1
Rua do Heroismo,Rua do Freixo,1
Rua de Faria Guimaraes,Rua de Sao Jorge,1
Rua da Boavista,Rua Ofelia Diogo da Costa,1
Avenida Associacao Empresarial de Portugal,Rua Antonio Bessa Leite,1
Rua do Pinhal,Rua de Sa da Bandeira,1
Rua Conde Avranches,Rua Fernao Vaz Dourado,1
Rua de Passos Manuel,Rua de O Primeiro de Janeiro,1
Rua Camilo Castelo Branco,Rua de Serralves,1
Mercado Abastecedor,Rua do Freixo,1
Rua de Bolama,Rua de Belos Ares,1
Patio do Bonjardim,Rua do Rosario,1
Rua de Faria Guimaraes,Rua do Paraiso,1
Rua Doutor Tiago de Almeida,Rua Ferreira Cardoso,1
Avenida da Boavista,Rua do Regulo Megauanha,1
Rua Ferreira Cardoso,Rua de Dom Joao Iv,1
Rua de Monsanto,Rua de Sao Verissimo,1
Rua Doutor Carlos Passos,Rua de Fernandes Tomas,1
Rua de Alves Redol,Rua do Almirante Leote do Rego,1
Rua de Bordeaux,Rua Engenheiro Ezequiel de Campos,1
Rua Doutor Roberto Frias,Rua Antonio Bessa Leite,1
Rua de Sa da Bandeira,Rua da Constituicao,1
Alameda Basilio Teles,Parque da Alfandega,1
Rua Conde Covilha,Rua do Bolhao,1
Rua de Antonio Aroso,Avenida da Boavista,1
Praca da Batalha,Rua das Estrelas,1
Central de Camionagem da Batalha,Praca de Almeida Garrett,1
Rua do Freixo,Rua Camilo de Sousa Santos,1
Rua Padre Himalaya,Rua Toural,1
Praca General Humberto Delgado,Rua da Maternidade,1
Avenida do Aeroporto,Rua de Faria Guimaraes,1
Rua do Alferes Malheiro,Rua de Antero de Quental,1
Rua da Constituicao,Rua Chas,1
Largo do Priorado,Rua da Firmeza,1
Rua Quinta da Bela Vista,Avenida Gomes Junior,1
Rua do Campo Alegre,Travessa Entrecampos,1
Praca da Liberdade,Rua Doutor Placido da Costa,1
Rua de Justino Teixeira,Praca Afonso Pinto Magalhaes,1
Rua de Augusto Rosa,Praca de Almeida Garrett,1
Rua das Berlengas,Rua do Amial,1
Travessa Monte da Bela,Rua Maria Adelaide Freitas Concalves,1
Estrada da Circunvalacao,Rua Amandio Galhano,1
Rua de Pinto Bessa,Hospital de Santo Antonio,1
Rua Fernao Lopes,Rua Angola,1
Rua Formosa,Rua do Bonfim,1
Rua de Pinto Bessa,Rua de Goncalo Cristovao,1
Avenida Associacao Empresarial de Portugal,Rua de Serpa Pinto,1
Largo da Estacao,Rua da Estacao,1
Travessa Maceda,Rua dos Carregais,1
Rua do Capitao Henrique Galvao,Rua de Clemente Meneres,1
Rua Sacadura Cabral,Rua do Rosario,1
Rua Doutor Nuno Pinheiro Torres,Rua da Pasteleira,1
Rua Peso da Regua,Rua Vila Nova de Foz Coa,1
Praca de Almeida Garrett,Rua do Comercio do Porto,1
Rua do Doutor Magalhaes Lemos,Rua de Antero de Quental,1
Rua de Faria Guimaraes,Rua de Alves Redol,1
Avenida dos Combatentes da Grande Guerra,Rua Dom Agostinho de Jesus e Sousa,1
Rua do Rosario,Campo 24 de Agosto,1
Rua da Estacao,Rua Jose Teixeira Barreto,1
Rua de Diogo Botelho,Avenida do Marechal Gomes da Costa,1
Rua Azevedo Coutinho,Circular Regional Interna do Porto,1
Rua do Almada,Rua da Alianca,1
Avenida de Fernao de Magalhaes,Rua Doutor Placido da Costa,1
Rua da Restauracao,Rua Santo Antonio,1
Rua de Honorio de Lima,Avenida de Fernao de Magalhaes,1
Rua Engenheiro Carlos Amarante,Rua Interior da Universidade do Porto,1
Avenida Conduta,Rua Azevinhos,1
Praca de Almeida Garrett,Rua de Elisio de Melo,1
Rua da Igreja de Paranhos,Rua Professor Manuel Baganha,1
Rua de Sa da Bandeira,Rua da Boavista,1
Largo da Estacao,Rua do Pinhal,1
Rua dos Pelames,Praca General Humberto Delgado,1
Rua Delfim Maia,Rua da Prelada,1
Rua de Egas Moniz,Rua da Constituicao,1
Rua de Guerra Junqueiro,Rua de Agramonte,1
Rua Joaquim Silva Torres,E82,1
Rua de Damiao de Gois,Rua de Santa Catarina,1
Avenida da Franca,Rua do Capitao Henrique Galvao,1
Praca da Corujeira,Rua Sao Roque da Lameira,1
Rua da Lapa,Rua de Sao Bras,1
Rua de Sa da Bandeira,Largo da Estacao,1
Rua Joao Espregueira Mendes,Avenida de Fernao de Magalhaes,1
Avenida de Rodrigues de Freitas,Rua de Augusto Rosa,1
Rua Dom Joao Coutinho,Rua de Santa Catarina,1
Rua Academico Futebol Club,Rua de Costa Cabral,1
Avenida da Boavista,Rua do Doutor Carlos Cal Brandao,1
Rua da Alianca,Avenida da Boavista,1
Rua de Corte Real,Rua de Diogo Botelho,1
Rua de Sao Tome,Rua Doutor Placido da Costa,1
Rua Clube dos Fenianos,Rua de Camoes,1
Circular Regional Interna do Porto,Praca de 9 de Abril,1
Rua de Nossa Senhora de Fatima,Rua Nova do Regado,1
Rua de Costa Cabral,Alameda das Antas,1
Rua de Saraiva de Carvalho,Rua Campo dos Martires da Patria,1
Rua Pedro Olaio,Rua Carvalho Barbosa,1
Rua de Justino Teixeira,E82,1
Praca da Liberdade,Rua Professor Vicente Jose de Carvalho,1
Rua Coelho Neto,Avenida dos Combatentes da Grande Guerra,1
Rua do Infante Dom Henrique,IP1,1
Rua do Doutor Carlos Cal Brandao,Rua Doutor Alberto Aires de Gouveia,1
N13,Rua de Pedro Hispano,1
Rua do Campo Alegre,Rua Doutor Vasco Valente,1
Estrada da Circunvalacao,Rua Henrique de Sousa Reis,1
Rua de Joao Pedro Ribeiro,Rua de Costa Cabral,1
Rua da Renascenca Portuguesa,Rua Dr Corino de Andrade,1
Rua de Clemente Meneres,Largo Sao Joao Novo,1
Avenida 25 de Abril,Largo da Estacao,1
Rua do Ouro,Rua de Julio Dinis,1
Rua Trindade Coelho,Rua de Costa Cabral,1
Circular Regional Interna do Porto,Rua Doutor Manuel Pereira da Silva,1
Rua de Dom Manuel II,Via de Cintura Interna,1
Rua de Passos Manuel,Praca de Dona Filipa de Lencastre,1
Rua Doutor Roberto Frias,Avenida de Fernao de Magalhaes,1
Rua da Constituicao,Rua Doutor Alberto Aires de Gouveia,1
Avenida do Marechal Gomes da Costa,Praca de Mouzinho de Albuquerque,1
Rua Ernesto da Silva,Rua do Ouro,1
Travessa Prelada,Rua Central de Francos,1
Estrada da Circunvalacao,Avenida Mario Brito,1
Rua Amandio Galhano,Rua Aurelia de Sousa,1
Rua de Dom Manuel II,Praca de Mouzinho de Albuquerque,1
Rua Doutor Joaquim Urbano,Rua do Rosario,1
Rua de Santa Catarina,Rua Campo dos Martires da Patria,1
Rua de Damiao de Gois,Avenida Liberdade,1
Rua do Amial,Rua Silva Brinco,1
Rua de Contumil,Rua Arroios,1
Rua Dom Joao de Mascarenhas,Rua Doutor Nuno Pinheiro Torres,1
Avenida dos Aliados,Rua Doutor Alberto Aires de Gouveia,1
Rua do Bonfim,Rua de Justino Teixeira,1
Largo Adro,Rua de Paula Vicente,1
Rua Professor de Abel Salazar,Rua de Sa da Bandeira,1
Rua de Joao de Deus,Avenida do Doutor Antunes Guimaraes,1
Rua de Dom Manuel II,Rua 9 de Abril,1
Rua Fonte de Contumil,Rua das Linhas de Torres,1
Rua Doutor Antonio Granjo,Avenida de Diogo Leite,1
Rua do Capitao Pombeiro,Circular Regional Interna do Porto,1
Rua Delfim Maia,Rua Sousa Pinto,1
Circular Regional Interna do Porto,Rua Conde Covilha,1
Praca do Exercito Libertador,Rua Bitaraes,1
Rua do Pinhal,Rua de Domingos Sequeira,1
Rua da Estacao,Campo 24 de Agosto,1
Praca do Exercito Libertador,Rua da Prelada,1
Rua de Ricardo Severo,Rua da Prelada,1
Rua da Escola Normal,Praca General Humberto Delgado,1
Rua Doutor Manuel Pereira da Silva,Travessa de Antero de Quental,1
Rua Doutor Tiago de Almeida,Rua de Alexandre Herculano,1
Rua Bucaco,Rua Nossa Senhora Calvario,1
Rua de Carlos da Maia,Rua da Alegria,1
Rua de Sao Bras,Rua de Pinto Bessa,1
Rua de Santos Pousada,Rua do Cantor Zeca Afonso,1
Estrada da Circunvalacao,Travessa Cabine,1
Rua de Santa Catarina,Praca do Doutor Francisco Sa Carneiro,1
Via Norte,Estrada da Circunvalacao,1
Rua Doutor Tiago de Almeida,Rua Beato Inacio de Azevedo,1
Rua do Bonfim,Rua de Timor,1
Rua da Maternidade,Rua Doutor Tiago de Almeida,1
Rua de Sao Bras,Rua de Vale Formoso,1
Rua da Constituicao,Rua da Maternidade,1
Rua de Santos Pousada,Rua da Estacao,1
Rua de Fonseca Cardoso,Rua de Monsanto,1
Hospital de Santo Antonio,Rua Clube dos Fenianos,1
Rua Doutor Mario Cal Brandao,Estrada da Circunvalacao,1
Rua Goa,Rua Mouzinho de Albuquerque,1
Praca de Mouzinho de Albuquerque,Rua da Constituicao,1
Rua Doutor Alberto Aires de Gouveia,Praca de Almeida Garrett,1
Rua Nova do Rio,Estrada da Circunvalacao,1
Avenida de Diogo Leite,Rua da Alegria,1
Rua do Duque de Saldanha,Rua Gomes Leal,1
Rua da Madeira,Rua de Santa Catarina,1
Rua Barao Nova Sintra,Rua do Heroismo,1
Rua de Delfim Ferreira,Rua de 5 de Outubro,1
Rua de Pinto Bessa,Travessa da Figueiroa,1
Avenida de Fernao de Magalhaes,Instituto Nacional de Engenharia e Tecnologia Industrial,1
Circular Regional Interna do Porto,Rua do Freixo,1
Rua de Ribeiro de Sousa,Rua da Constituicao,1
Rua Freire de Andrade,Rua da Constituicao,1
Rua de Raimundo de Carvalho,Rua da Firmeza,1
Cais da Ribeira,Viaduto do Cais das Pedras,1
Avenida Dona Maria Ii,Rua Afonso Baldaia,1
Rua Ferreira Cardoso,Rua do Bonfim,1
Rua de Faria Guimaraes,Rua Vilar,1
Rua do Relogio,Avenida de Fernao de Magalhaes,1
Rua Engenheiro Ferreira Dias,Rua Salazares,1
Via Norte,Hospital de Sao Joao,1
Rua de Julio Dinis,Rua de Rodrigues Sampaio,1
Rua do Rosario,Estrada da Circunvalacao,1
Rua de Alvares Cabral,Rua Sacadura Cabral,1
Rua de Elisio de Melo,Rua de Diogo Botelho,1
Rua de Augusto Rosa,Rua de Dom Joao Iv,1
Travessa de Salgueiros,Travessa do Monte da Lapa,1
Rua Oliveira Gaio,Rua Arroteia,1
Avenida dos Aliados,Avenida da Franca,1
Praca do Marques de Pombal,Praca da Republica,1
Rua dos Herois e dos Martires de Angola,Rua dos Martires da Liberdade,1
Rua Doutor Placido da Costa,Rua do Amial,1
Rua de Pinto Bessa,Rua Antonio Carneiro,1
Rua de Costa Cabral,Rua Doutor Joaquim Pires de Lima,1
Praca da Republica,Largo da Ramada Alta,1
Rua de Goncalo Sampaio,Rua de Alfredo Keil,1
Rua de Agramonte,Rua de Joao de Deus,1
Rua do Campo Alegre,Rua Julio Lourenco Pinto,1
Rua do Visconde de Setubal,Praca da Liberdade,1
Circular Regional Interna do Porto,Rua Mocambique,1
Largo Sao Domingos,Rua de Mouzinho da Silveira,1
Rua Joaquim Kopke,Rua da Igreja de Paranhos,1
Bairro Antunes,Rua da Maternidade,1
Rua de Alexandre Herculano,Rua do Campo Alegre,1
Rua do Bonjardim,Rua de Santo Ildefonso,1
Rua do Farol,Largo Capitao Pinheiro Torres de Meireles,1
Rua de Faria Guimaraes,Rua de Antonio Candido,1
Avenida da Boavista,Rua do Jornal de Noticias,1
Rua da Constituicao,Hospital de Sao Joao,1
Rua de Dom Manuel II,Rua do General Sousa Dias,1
Rua dos Lameiroes,Rua De Azevedo De Albuquerque,1
Circular Regional Interna do Porto,Praca da Batalha,1
Rua de Sa da Bandeira,Rua da Picaria,1
Rua Maria Lamas,Rua Senhor,1
Rua da Venezuela,Rua do Aleixo,1
Largo da Estacao,Rua das Carmelitas,1
Rua de Costa Cabral,Rua de Faria Guimaraes,1
Rua de Justino Teixeira,Rua de Alexandre Braga,1
Avenida de Rodrigues de Freitas,Rua do Bolhao,1
Rua do Rosario,Rua do Doutor Carlos Cal Brandao,1
Rua do Monte dos Burgos,Rua de Anibal Cunha,1
Rua de Pedro Hispano,Rua Doutor Emilio Peres,1
Rua Joao de Deus,Rua de Raimundo de Carvalho,1
Rua Professor Abel Salazar,Avenida do Aeroporto,1
Rua Julio Amaral de Carvalho,Rua Doutor Placido da Costa,1
Rua Engenheiro Frederico Ulrich,Rua Conselheiro Luis Magalhaes,1
Rua de Sa da Bandeira,Rua de Santa Teresa,1
Praca de Mouzinho de Albuquerque,Rua da Venezuela,1
Rua Doutor Antonio Luis Gomes,Rua dos Herois e dos Martires de Angola,1
Avenida dos Aliados,Rua Goncalves Zarco,1
Rua Ave,Rua Academico Futebol Club,1
Alameda Professor Hernani Monteiro,Rua Dom Afonso Henriques,1
Rua de Sao Verissimo,Avenida de Fernao de Magalhaes,1
Rua de Justino Teixeira,Rua Barranha,1
Via de Cintura Interna,Rua Dona Leonor de Freitas,1
Rua de Julio Dinis,Rua Campo dos Martires da Patria,1
Rua Nossa Senhora Fatima,Rua da Ribeira Negra,1
Rua de Dom Joao Iv,Rua do Bonjardim,1
Rua da Constituicao,Avenida da Boavista,1
Rua Pinho Leal,Avenida do Marechal Gomes da Costa,1
Avenida do Marechal Gomes da Costa,Rua Doutor Alberto de Macedo,1
Rua do Campo Alegre,Rua das Estrelas,1
Rua do Cerco do Porto,Rua Fonte de Contumil,1
Rua da Nataria,Rua de Sao Dinis,1
Rua Doutor Tiago de Almeida,Rua da Constituicao,1
Rua de Serpa Pinto,Rua de Nossa Senhora de Fatima,1
Praca de Mouzinho de Albuquerque,Rua de Egas Moniz,1
Avenida de Rodrigues de Freitas,Rua Cardeal Dom Americo,1
Rua Sao Roque da Lameira,Rua Nossa Senhora Amparo,1
Rua de Passos Manuel,Praca de Mouzinho de Albuquerque,1
Rua de Diogo Botelho,Rua do Rovuma,1
Rua de Joao de Deus,Rua de Antonio Cardoso,1
Rua da Agra,Rua Fonte das Sete Bicas,1
Rua Doutor Roberto Frias,Rua do Conde de Campo Bello,1
VRI,IC1,1
Rua Guilherme Braga,Rua de Antonio Cardoso,1
Rua Antonio Jose de Almeida,Circular Regional Interna do Porto,1
Travessa de Antero de Quental,Rua de Santa Catarina,1
Rua de Agramonte,Rua Dom Domingos Pinho Brandao,1
Praca de Dom Joao I,Rua Doutor Manuel Pereira da Silva,1
Largo de Aljubarrota,Largo Sao Domingos,1
Rua de Sa da Bandeira,Rua de Fernandes Tomas,1
Campo 24 de Agosto,Rua do Campo Alegre,1
Rua Dom Agostinho de Jesus e Sousa,Rua Emilio Biel,1
Avenida do Aeroporto,Travessa do Monte da Lapa,1
Circular Regional Interna do Porto,Avenida Doutor Fernando Aroso,1
Rua das Condominhas,Rua da Arrabida,1
Avenida da Boavista,Rua Amadeu de Sousa Cardoso,1
Avenida de Fernao de Magalhaes,Rua Padre Manuel da Nobrega,1
Rua do General Torres,Ponte Luis I,1
Rua do Carmo,Rua de Alexandre Herculano,1
Praca de Mouzinho de Albuquerque,Rua das Estrelas,1
Circular Regional Interna do Porto,Rua da Presa Velha,1
Estrada da Circunvalacao,Avenida Engenheiro Luis Azevedo Coutinho,1
Estrada da Circunvalacao,N13,1
Travessa Damiao de Gois,Avenida 25 de Abril,1
Rua do Sargento Abilio,Avenida Mario Brito,1
Rua do Rosario,Rua de Alexandre Herculano,1
Avenida do Marechal Gomes da Costa,Rua Avilho,1
Rua Delfim Maia,Rua de Oliveira Monteiro,1
Rua da Constituicao,Largo Adro,1
Rua Professor Vicente Jose de Carvalho,Rua do Falcao,1
Rua Sousa Pinto,Rua da Igreja de Cedofeita,1
IC1,Rua Gramoinhos,1
Rua Doutor Alberto Aires de Gouveia,Rua de Costa Cabral,1
Rua Candido dos Reis,N13,1
Rua Campo dos Martires da Patria,Rua Bitaraes,1
Alameda Professor Hernani Monteiro,Avenida Doutor Francisco Sa Carneiro,1
Avenida de Paiva Couceiro,Rua Bitaraes,1
Circular Regional Interna do Porto,Rua do Campo Alegre,1
Rua da Alegria,Rua Formosa,1
Rua Burgal de Baixo,Travessa Jose Fontana,1
Circular Regional Interna do Porto,Rua Bolhao,1
Rua da Constituicao,Rua da Escola Normal,1
Avenida Associacao Empresarial de Portugal,Rua do Capitao Henrique Galvao,1
Rua da Estacao,Rua de Sabrosa,1
Rua Doutor Antonio Bernardino de Almeida,Rua do Doutor Carlos Cal Brandao,1
Rua de Camoes,Rua de Domingos Machado,1
Rua de Julio Dinis,Rua de Goncalo Sampaio,1
Avenida da Republica,Via do Castelo do Queijo,1
Rua Doutor Antonio Luis Gomes,Rua do Doutor Alfredo Magalhaes,1
Praca da Republica,Avenida Lidador da Maia,1
Rua do Estoril,Circular Regional Interna do Porto,1
Rua da Restauracao,Rua de Dom Manuel II,1
Avenida Dom Afonso Henriques,Alameda Basilio Teles,1
Circular Regional Interna do Porto,Rua Outeiro de Sa,1
Rua Manuel Pinto de Azevedo,Rua de Julio Dinis,1
Avenida de Paiva Couceiro,Travessa do Freixo,1
Rua Sol,Circular Regional Interna do Porto,1
Rua de Antonio Cardoso,Rua da Venezuela,1
Avenida da Boavista,Rua Clube dos Fenianos,1
Rua de Costa Cabral,Rua Jorge de Viterbo Ferreira,1
Avenida da Boavista,Rua de Nove de Abril,1
Avenida Associacao Empresarial de Portugal,Rua Marta Sampaio,1
Rua Particular Novais da Cunha,Travessa de Nova Sintra,1
Rua Doutor Manuel Pereira da Silva,Rua Alfredo Allen,1
Rua Doutor Antonio Bernardino de Almeida,Rua de Oliveira Monteiro,1
Rua de Luz Soriano,Rua de Sao Verissimo,1
Alameda das Antas,Via de Cintura Interna,1
Rua Doutor Antonio Bernardino de Almeida,Rua Pereira Reis,1
Rua Doutor Ribeiro Chaves,Rua do Bonfim,1
Rua Aires de Ornelas,Rua do Bonfim,1
Circular Regional Interna do Porto,Avenida do Aeroporto,1
Rua de Anibal Cunha,Rua da Boavista,1
Rua Francisco Sa Carneiro,Rua Visconde das Devesas,1
Rua do Bonfim,Rua Professor Correia de Araujo,1
Rua do Freixo,Rua Pinheiro de Campanha,1
Praca de Almeida Garrett,Largo Sao Domingos,1
Rua do Freixo,Estrada da Circunvalacao,1
Avenida de Rodrigues de Freitas,Rua Barao Nova Sintra,1
Rua do Bolhao,Rua de Sa da Bandeira,1
Praca de Mouzinho de Albuquerque,Rua de Santa Catarina,1
Rua do Campo Alegre,Rua Gomes Eanes de Azurara,1
Via de Cintura Interna,Rua de Vilar,1
Rua Pintor Antonio Cruz,Rua de Dom Manuel II,1
Hospital de Sao Joao,Rua Julio Amaral de Carvalho,1
Rua Doutor Antonio Bernardino de Almeida,Rua de Costa Cabral,1
Rua de Diogo Botelho,Rua de Cadoucos,1
Rua de Alcantara,Rua Vasques de Mesquita,1
Rua Bitaraes,Rua da Alegria,1
Circular Regional Interna do Porto,Rua Doutor Alberto de Macedo,1
Rua de Passos Manuel,Largo da Maternidade de Julio Dinis,1
Via de Cintura Interna,Rua Junqueira de Cima,1
Avenida de Sidonio Pais,Travessa de Silva Porto,1
Rua Artur Bras,Rua Central de Francos,1
Rua Doutor Jose Antonio Marques,Rua do Falcao,1
Rua do Doutor Magalhaes Lemos,Rua do Bom Sucesso,1
Rua da Madeira,Rua dos Herois e dos Martires de Angola,1
VRI,Avenida Mario Brito,1
Travessa Presa Velha,Rua da Formiga,1
Rua Joao de Barros,Rua Pinho Leal,1
Rua do Doutor Sousa Viterbo,Rua do Infante Dom Henrique,1
Rua do Bolhao,Rua de Costa Cabral,1
Praca de 9 de Abril,Estrada da Circunvalacao,1
Rua de Diogo Botelho,Rua Fernao Lopes,1
Rua Campo dos Martires da Patria,Praca de Almeida Garrett,1
Avenida dos Aliados,Rua Dom Joao de Castro,1
Rua Doutor Tiago de Almeida,Rua de Miragaia,1
Rua de Goncalo Sampaio,Rua Arquitecto Marques da Silva,1
Rua Doutor Tiago de Almeida,Rua de Ramalho Ortigao,1
Rua da Estacao,Rua de Alexandre Braga,1
Praca da Republica,Rua Manuel Moreira Barros,1
Rua Jorge de Viterbo Ferreira,Rua de Dom Manuel II,1
Rua do Rosario,Rua do Doutor Barbosa de Castro,1
Avenida Liberdade,Rua de Oliveira Monteiro,1
Rua Doutor Melo Leote,Avenida da Boavista,1
Rua de Paula Vicente,Rua de Nossa Senhora de Fatima,1
Rua de Pinto Bessa,Largo Escultor Jose Moreira da Silva,1
Rua de Serralves,Rua Antonio Bessa Leite,1
Rua Sao Joao de Brito,Avenida do Doutor Antunes Guimaraes,1
Rua Professor Mota Pinto,Avenida da Boavista,1
Rua do Campo Alegre,Rua de Bartolomeu Velho,1
Praca de Mouzinho de Albuquerque,Rua de Ricardo Severo,1
Rua do Giestal,Rua Jaime Brasil,1
Praca da Galiza,Rua Doutor Alberto Aires de Gouveia,1
Praca do Exercito Libertador,Rua da Constituicao,1
Avenida de Sidonio Pais,Rua Francisco Sanches,1
Rua Nova do Regado,Hospital da Prelada,1
Rua Tome de Sousa,Hospital Magalhaes Lemos,1
Avenida Antunes Guimaraes,Avenida Doutor Antonio Macedo,1
Estrada da Circunvalacao,Rua de Santiago,1
Rua de Sao Dinis,Rua Doutor Antonio Bernardino de Almeida,1
Rua Fernao Lopes,Rua Felizardo Lima,1
Largo dos Loios,Rua Formosa,1
Rua de Pinto Bessa,Rua Lameira Cima,1
Rua da Igreja de Paranhos,Rua Doutor Antonio Bernardino de Almeida,1
Rua de Oliveira Monteiro,Largo de Ferreira Lapa,1
Rua de Serpa Pinto,Cais da Estiva,1
Rua Engenheiro Luis Delgado dos Santos,Via de Cintura Interna,1
Rua Sara Afonso,Rua do Padre Americo,1
Rua Professor Correia de Araujo,Hospital de Sao Joao,1
Rua de Dom Manuel II,Rua de Oliveira Monteiro,1
Rua de Agramonte,Avenida da Boavista,1
Rua de Sa da Bandeira,Rua da Restauracao,1
E82,IP4,1
Avenida de Fernao de Magalhaes,Rua de Contumil,1
Rua Professor Mota Pinto,Avenida Fontes Pereira de Melo,1
Circular Regional Interna do Porto,Rua Arquitecto Cassiano Barbosa,1
Rua da Vicorosa,Rua Engenheiro Nuno de Meireles,1
Rua de Diogo Botelho,Praca de Carlos Alberto,1
Circular Regional Interna do Porto,Rua Salazares,1
Rua Professor Jaime Rios de Sousa,Rua do Paraiso,1
Rua de Rodrigues Sampaio,Rua de Alfredo Keil,1
Rua Padre Costa,Alameda Professor Hernani Monteiro,1
Rua Quinta,Rua Diogo Afonso,1
Rua Conde Covilha,Avenida Dom Afonso Henriques,1
Rua do Capitao Henrique Galvao,Rua de 5 de Outubro,1
Rua de Sao Romao,Travessa Nova Santo Condestavel,1
Avenida da Republica,Rua Lidador,1
Rua de Elisio de Melo,Rua do Cantor Zeca Afonso,1
Rua de Sao Dinis,Rua Monte dos Pipos,1
Estrada da Circunvalacao,Rua Peso da Regua,1
Estrada da Circunvalacao,Rua de Requezende,1
Avenida Doutor Antonio Macedo,IC1,1
Rua do Cantor Zeca Afonso,Rua de Pinto Bessa,1
Via Futebol Clube do Porto,Avenida de Rodrigues de Freitas,1
Praca de Dona Filipa de Lencastre,Travessa da Senhora da Conceicao,1
Circular Regional Interna do Porto,Alameda das Antas,1
VRI,Campo 24 de Agosto,1
Avenida Liberdade,Rua do Doutor Carlos Cal Brandao,1
Rua 12,Rua do Ouro,1
Avenida da Boavista,Avenida Fontes Pereira de Melo,1
Praca da Liberdade,Via Rosa Mota,1
Rua de Santos Pousada,Rua Carlos Malheiro Dias,1
Rua de Dom Manuel II,Rua Antonio Bessa Leite,1
Rua da Alianca,Rua de Nossa Senhora de Fatima,1
Rua da Boa Viagem,Rua de Dom Manuel II,1
Rua da Igreja de Paranhos,Rua de Antero de Quental,1
Rua do Infante Dom Henrique,Praca de Almeida Garrett,1
Praca Bom Sucesso,Rua dos Vanzeleres,1
Rua 12,Rua de Diogo Botelho,1
Rua Doutor Nuno Pinheiro Torres,Rua da Restauracao,1
Avenida Associacao Empresarial de Portugal,Rua Sara Afonso,1
Praca de Gomes Teixeira,Rua do Alferes Malheiro,1
Rua de Julio Dinis,Praca da Galiza,1
Rua de Dom Manuel II,Rua de Bartolomeu Velho,1
Via de Cintura Interna,Rua de Julio Dinis,1
Rua Coelho Neto,Rua de Passos Manuel,1
Campo 24 de Agosto,Rua da Alegria,1
Rua Aldeia Nova,Avenida Associacao Empresarial de Portugal,1
Avenida Associacao Empresarial de Portugal,Rua Joao Rosa,1
Travessa de Sao Bras,Rua de Sao Bras,1
Rua de Julio Dinis,Rua de 5 de Outubro,1
Circular Regional Interna do Porto,Rua de Bolama,1
Rua do Alferes Malheiro,Rua de Sa da Bandeira,1
Avenida do Marechal Gomes da Costa,Rua de Tanger,1
Rua Doutor Eduardo Torres,Avenida Calouste Gulbenkian,1
IP1,EM555-3,1
Rua Formosa,Praca da Batalha,1
Via Futebol Clube do Porto,Avenida de Paiva Couceiro,1
Rua da Boavista,Rua Pinho Leal,1
Rua de Joao de Deus,Rua de Pedro Hispano,1
Rua de Fernandes Tomas,Rua do Bonfim,1
Rua Dominguez Alvarez,Rua de Corte Real,1
Rua de Fernandes Tomas,Viaduto de Goncalo Cristovao,1
Rua Sao Roque da Lameira,Rua do Falcao,1
Praca de Dom Joao I,Praca da Rainha Dona Amelia,1
Hospital de Sao Joao,Rua Sa e Melo,1
Via de Cintura Interna,Rua da Constituicao,1
Rua do Bonfim,Rua de Julio Dinis,1
Rua de Alvares Cabral,Rua de Ricardo Severo,1
Alameda Professor Hernani Monteiro,Rua Doutor Roberto Frias,1
Praca de Goncalves Zarco,Estrada da Circunvalacao,1
Rua do Bonfim,Avenida de Camilo,1
Largo Igreja de Paranhos,Rua Doutor Placido da Costa,1
Rua Doutor Roberto Frias,Rua Sacadura Cabral,1
Avenida de Fernao de Magalhaes,Rua das Merces,1
N12,Rua de Sobreiras,1
Rua Manuel Pinto de Azevedo,Avenida Fontes Pereira de Melo,1
Rua da Torrinha,Rua do Paraiso,1
Avenida de Dom Mendo,Rua de Entrecampos,1
Rua de Dom Manuel II,Rua da Senhora da Luz,1
Avenida dos Aliados,Rua de Costa Cabral,1
Rua do Barao de Forrester,Hospital de Santo Antonio,1
Rua de Clemente Meneres,Rua Nicolau Coelho,1
Rua de Sao Dinis,Rua de Camoes,1
Rua de Alvares Cabral,Rua de Costa Cabral,1
Rua de Francos,Rua de Cervantes,1
Rua de Vale Formoso,Praca da Republica,1
Esplanada do Castelo,Rua de Sobreiras,1
Rua Maria Lamas,Praca de Mouzinho de Albuquerque,1
Rua do Bonjardim,Rua Doutor Tiago de Almeida,1
Rua de Antero de Quental,Avenida da Boavista,1
Via de Cintura Interna,Avenida de Ramos Pinto,1
Avenida 25 de Abril,Rua da Ponte,1
E805,IP1,1
Praca da Batalha,Rua do Capitao Henrique Galvao,1
Rua do Heroismo,Rua da Estacao,1
Rua da Torrinha,Rua de Anibal Cunha,1
Rua Arquitecto Cassiano Barbosa,Rua Joaquim Leitao,1
Rua de Sobreiras,Rua da Outeiro,1
Rua Antonio da Costa Viseu,Rua Infante Dom Henrique,1
Praca da Liberdade,Alameda Serra do Pilar,1
Rua do Campo Alegre,Rua do Bom Sucesso,1
Alameda Professor Hernani Monteiro,Rua Revilao,1
Rua de Camoes,Rua de Clemente Meneres,1
Rua da Igreja de Cedofeita,Rua da Firmeza,1
Rua Direita de Francos,Escola Superior de Enfermagem,1
Rua Avelar Brotero,Rua Doutor Placido da Costa,1
Estrada da Circunvalacao,Avenida Doutor Manuel Teixeira Ruela,1
Rua da Trindade,Rua de Damiao de Gois,1
Rua Beato Inacio de Azevedo,Avenida da Boavista,1
Avenida de Dom Mendo,Travessa do Monte de Real,1
Rua de Guerra Junqueiro,Rua de O Primeiro de Janeiro,1
Rua de Santa Catarina,Rua de Paulo da Gama,1
Rua de Fez,Rua de Sagres,1
Rua de Pedro Hispano,VRI,1
Rua Julio Amaral de Carvalho,Rua Doutor Roberto Frias,1
Rua de Diogo Botelho,Rua de Julio Dinis,1
Rua Sao Joao de Brito,Rua Doutor Vasco Valente,1
Avenida Associacao Empresarial de Portugal,Rua Joao Mendonca,1
Rua de Pedro Hispano,Rua de Dom Manuel II,1
Viaduto do Cais das Pedras,Rua do Infante Dom Henrique,1
Rua do Monte dos Burgos,Rua Doutor Antonio Bernardino de Almeida,1
Rua de Miragaia,Avenida do Aeroporto,1
Avenida Xanana Gusmao,Rua do Monte dos Burgos,1
Rua da Alegria,Travessa do Cativo,1
EM615,Rua de Sa da Bandeira,1
Rua Sacadura Cabral,Rua do Campo Alegre,1
Rua de Sa da Bandeira,Rua da Corujeira de Baixo,1
Avenida Vasco da Gama,Rua Revilao,1
Rua Joao de Oliveira Ramos,Rua de Latino Coelho,1
Avenida de Paiva Couceiro,Rua de Miragaia,1
Rua do Freixo,Rua Doutor Antonio Bernardino de Almeida,1
Rua da Fabrica,Rua Campo dos Martires da Patria,1
Rua de Monchique,Rua de Mouzinho da Silveira,1
Estrada da Circunvalacao,Rua Agostinho de Campos,1
Travessa Fernao de Magalhaes,Rua Dom Agostinho de Jesus e Sousa,1
Rua do Bonfim,Avenida da Franca,1
Rua Henrique Pousao,Avenida Associacao Empresarial de Portugal,1
Rua Lagos,Rua Conde Covilha,1
Alameda de Cartes,Travessa Maceda,1
Rua Doutor Antonio Luis Gomes,Rua da Constituicao,1
Rua Doutor Antonio Bernardino de Almeida,Rua da Estacao,1
Rua do Bolhao,Rua de Santa Catarina,1
Praca do Doutor Francisco Sa Carneiro,Rua de Pedro Hispano,1
Rua do Doutor Magalhaes Lemos,Rua de Jose Falcao,1
Rua da Alegria,Rua de Camoes,1
Rua de Julio Dinis,Rua Cabo Simao,1
Rua Doutor Tiago de Almeida,Rua de Oliveira Monteiro,1
Praca da Republica,Avenida 25 de Abril,1
Rua da Constituicao,Praca da Republica,1
Rua Carlos Malheiro Dias,Rua de Belos Ares,1
Avenida da Boavista,Largo 5 de Outubro,1
Praca da Galiza,Rua de Dom Manuel II,1
Praca General Humberto Delgado,Rua de Camoes,1
Rua Quinta do Viso,Rua Direita do Viso,1
Rua Jose Cardoso Pires,Rua Novais Cunha,1
Rua do Monte,Avenida do Aeroporto,1
Rua Professor Vicente Jose de Carvalho,Rua de Santiago,1
EM615,Hospital de Santo Antonio,1
Rua Formosa,Rua Devesa,1
Avenida Dom Afonso Henriques,Rua Arnaldo Gama,1
Avenida dos Aliados,Avenida da Boavista,1
Avenida do Marechal Gomes da Costa,Rua de Sagres,1
Largo Antonio Calem,Alameda Basilio Teles,1
Praca de Almeida Garrett,Via Futebol Clube do Porto,1
Avenida de Fernao de Magalhaes,Praca do Marques de Pombal,1
Rua de Sao Tome,N14,1
Praca de Pedro Nunes,Rua Jorge de Viterbo Ferreira,1
Avenida de Fernao de Magalhaes,Rua de Sao Luis,1
Rua dos Acores,Rua Cimo do Telheiro,1
Rua Doutor Manuel Pereira da Silva,Rua Damaso Carreiro,1
Rua Antonio Bessa Leite,Rua de Goncalo Sampaio,1
Rua Dom Afonso Henriques,Rua Piedade,1
Rua Formosa,Rua do Carmo,1
Rua de Monsanto,Rua Padre Antonio Coutinho,1
Rua de Nossa Senhora de Fatima,Rua de 9 de Julho,1
Via Futebol Clube do Porto,Alameda das Antas,1
Rua de Goncalo Sampaio,Rua da Restauracao,1
Rua Antonio Bessa Leite,Rua dos Clerigos,1
Rua do Capitao Pombeiro,Largo Escultor Jose Moreira da Silva,1
Rua dos Burgaes,Rua de Sao Martinho,1
Rua da Vigorosa,Rua Doutor Placido da Costa,1
Rua da Restauracao,Rua Campo dos Martires da Patria,1
Rua do Freixo,Rua do Monte dos Burgos,1
Rua de Costa Cabral,Rua Julio Amaral de Carvalho,1
Avenida de Montevideu,Rua do Monte,1
Rua De Azevedo De Albuquerque,Praca da Liberdade,1
Esplanada do Castelo,VRI,1
Rua da Restauracao,Rua de Adolfo Casais Monteiro,1
Rua de Camoes,Rua de Passos Manuel,1
IP3,Rua de Sa da Bandeira,1
Rua Doutor Carlos Ramos,Rua Leonardo Coimbra,1
Estrada da Circunvalacao,Rua Joao Lucio Azevedo,1
Rua de O Primeiro de Janeiro,Rua Doutor Roberto Frias,1
Avenida do Bessa,Rua de Pedro Hispano,1
Estrada da Circunvalacao,Avenida de Ramos Pinto,1
Avenida de Fernao de Magalhaes,Rua Antonio Jose da Costa,1
Rua Carlos Malheiro Dias,Rua Nova de Sao Crispim,1
Avenida dos Aliados,Rua de Santa Catarina,1
Rua Campo dos Martires da Patria,Rua das Areias,1
Rua Colectividades,Rua Conceicao Fernandes,1
Rua do Aleixo,Rua de Diogo Botelho,1
Rua de Antonio Cardoso,Rua do Campo Alegre,1
Avenida de Paiva Couceiro,Rua da Ribeira Negra,1
Rua de Paulo da Gama,Rua Joao Baptista Lavanha,1
Rua de Nove de Abril,Praca de 9 de Abril,1
Rua do Bonfim,Rua de Goncalo Sampaio,1
Rua Alto das Torres,Rua de Soares dos Reis,1
Largo Mompilher,Rua Professor de Abel Salazar,1
Avenida da Boavista,Rua Martir Sao Sebastiao,1
Rua de Sao Bras,Rua Professor de Abel Salazar,1
Rua Jose Gomes Ferreira,Central de Camionagem da Batalha,1
Rua de Serpa Pinto,Avenida dos Combatentes da Grande Guerra,1
Via de Cintura Interna,Rua Professor Amadeu Santos,1
Praca de 9 de Abril,Rua de Damiao de Gois,1
Rua da Lapa,Rua de Santa Catarina,1
Avenida Vasco da Gama,Rua de Vila Nova,1
Rua Lidador,Rua de Alfredo Cunha,1
Estrada da Circunvalacao,Rua de Vila Nova,1
Avenida Fontes Pereira de Melo,Rua da Igreja de Ramalde,1
Avenida da Boavista,Rua Campo dos Martires da Patria,1
Rua Doutor Emilio Peres,Rua de Julio Dinis,1
Rua Vasco Santana,Rua Lidador,1
Rua de Sobreiras,Rua do Ouro,1
Rua de Joao Pedro Ribeiro,Avenida Joao de Deus,1
Alameda Professor Hernani Monteiro,Rua Arroteia,1
Rua Doutor Placido da Costa,Rua de 5 de Outubro,1
Alameda Professor Hernani Monteiro,Rua do Almada,1
Rua de Barros Lima,Hospital de Sao Joao,1
Praca da Batalha,Rua do Doutor Carlos Cal Brandao,1
Rua Central de Francos,Rua da Boavista,1
Rua de Bartolomeu Velho,Rua de Passos Manuel,1
Rua Carlos Malheiro Dias,Rua dos Vanzeleres,1
Rua de Vale Formoso,Rua de 31 de Janeiro,1
Rua de Costa Cabral,Rua da Constituicao,1
Rua do Carvalhido,Rua do Almada,1
Travessa Azevedo,Travessa Aldeia,1
Rua de Augusto Lessa,Rua Doutor Joaquim Pires de Lima,1
Rua do Amial,Avenida Associacao Empresarial de Portugal,1
Rua de Clemente Meneres,Rua de Fernandes Tomas,1
Rua de Diogo Cao,Circular Regional Interna do Porto,1
Avenida de Fernao de Magalhaes,Rua Dom Agostinho de Jesus e Sousa,1
Rua Encosta do Sol,Rua Cavaco,1
Rua da Constituicao,Praceta de Henrique Moreira,1
Avenida Associacao Empresarial de Portugal,Rua de 5 de Outubro,1
Alameda Professor Hernani Monteiro,Rua Eca de Queiroz,1
Rua de Dom Manuel II,Rua Professor Vicente Jose de Carvalho,1
Avenida de Sidonio Pais,Rua dos Bragas,1
Rua de Goncalo Sampaio,Bairro Bom Sucesso,1
Rua do Doutor Alfredo Magalhaes,Rua das Carvalheiras,1
Rua de Dom Manuel II,Largo Alexandre Sa Pinto,1
Avenida de Fernao de Magalhaes,Rua Antonio Carneiro,1
Rua Sao Tome e Principe,E82,1
Rua Cha,Rua do Freixo,1
Rua das Condominhas,Calcada Ouro,1
Rua de Alexandre Herculano,Rua Estado da India,1
Rua do Barao de Sao Cosme,Rua Formosa,1
Rampa do Infante Santo,Rua de Fernandes Tomas,1
Rua Clube dos Fenianos,Rua Arquitecto Marques da Silva,1
Rua de Julio Dinis,Rua Pintor Antonio Cruz,1
Avenida de Fernao de Magalhaes,Avenida da Republica,1
Rua de Faria Guimaraes,Rua Doutor Antonio Bernardino de Almeida,1
Avenida Marechal Gomes da Costa,Estrada da Circunvalacao,1
Praca de 9 de Abril,Rua de Alvares Cabral,1
Rua de La Couture,Rua Assis Vaz,1
Rua Clube Fluvial Portuense,Rua de Dom Manuel II,1
Rua Nova da Alfandega,Rua do Ouro,1
Bairro Antunes,Rua de 9 de Julho,1
Rua da Lapa,Largo Mompilher,1
Avenida Vasco da Gama,Rua Lopo Soares de Albergaria,1
Praca Bom Sucesso,Praca da Galiza,1
Praca da Liberdade,Rua de Alexandre Herculano,1
Rua de Passos Manuel,Praca Trindade,1
Travessa Quinta Amarela,Avenida da Boavista,1
Rua de Costa Cabral,Rua Doutor Carteado Mena,1
Travessa Central de Francos,Rua Robert Auzelle,1
Rua Barao Nova Sintra,Rua Ferreira Cardoso,1
Avenida Meneres,Avenida da Boavista,1
Rua de Sao Bento da Vitoria,Rua Professor de Abel Salazar,1
Praca de Dom Joao I,Rua Duarte Lopes,1
Avenida da Boavista,Rua Gil Eanes,1
Rua de Dom Manuel II,Avenida de Ramos Pinto,1
Rua de Faria Guimaraes,Rua Independencia,1
Rua Santa Luzia,Estrada da Circunvalacao,1
Rua Alvaro de Casteloes,Avenida dos Aliados,1
Rua Jorge de Viterbo Ferreira,Rua da Restauracao,1
Avenida da Republica,Rua do Conselheiro Veloso da Cruz,1
Rua da Boavista,Rua de Pedro Hispano,1
Rua Sao Roque da Lameira,Travessa Chaves de Oliveira,1
Campo 24 de Agosto,Rua do Lindo Vale,1
Circular Regional Interna do Porto,Rua Escultor Alves de Sousa,1
Rua de Goncalo Cristovao,Rua da Madeira,1
Largo da Estacao,Rua Beato Inacio de Azevedo,1
Avenida da Boavista,N12,1
Rua Manuel Pinto de Azevedo,Rua de 5 de Outubro,1
Rua General Norton de Matos,Rua Helena Sa e Costa,1
Praca de Carlos Alberto,Avenida da Franca,1
Rua Avelino Carneiro,Rua do Amial,1
Rua Adelaide Estrada,Rua de O Primeiro de Janeiro,1
Rua de Diogo Botelho,Rua de Miguel Bombarda,1
Rua de Sao Luis,Rua do General Sousa Dias,1
Alameda Professor Hernani Monteiro,Rua da Igreja da Areosa,1
Avenida de Fernao de Magalhaes,Praca do Doutor Francisco Sa Carneiro,1
Escola Superior de Enfermagem,Rua do Salgueiral,1
Hospital de Sao Joao,Rua da Igreja da Areosa,1
Rua do Carvalhido,Rua Aires de Ornelas,1
Rua do Rosario,Rua de Santa Catarina,1
Rua de Anibal Cunha,Rua do Alferes Malheiro,1
Rua do General Sousa Dias,Rua de Passos Manuel,1
Rua Vasques de Mesquita,Rua de Pinto Bessa,1
Rua Alvaro de Casteloes,Rua Dom Pedro de Meneses,1
Rua Beato Inacio de Azevedo,Hospital de Sao Joao,1
Rua de Sao Joao,Rua do Infante Dom Henrique,1
Rua do Amparo,Rua de Goncalo Cristovao,1
Rua de Sao Dinis,Rua do Doutor Alfredo Magalhaes,1
Praca do Marques de Pombal,Rua de Pedro Hispano,1
Circular Regional Interna do Porto,Avenida da Republica,1
Rua de Fernandes Tomas,Rua de Santos Pousada,1
Rua de Dom Pedro V,Rua de Antonio Cardoso,1
Rua da India,Rua de Dom Manuel II,1
Rua Campo dos Martires da Patria,Rua de Dom Manuel II,1
Rua da Assuncao,Avenida da Boavista,1
Rua de Elisio de Melo,Rua de Miguel Bombarda,1
Rua de Sao Tome,Rua Julio Amaral de Carvalho,1
IP4,Rua de Camoes,1
Rua Sao Roque da Lameira,Rua Matias de Albuquerque,1
Rua de Camoes,Rua Doutor Antonio Bernardino de Almeida,1
Rua Alegre,Rua de Diogo Botelho,1
Rua do Passeio Alegre,Praca de Goncalves Zarco,1
Rua Doutor Manuel Pereira da Silva,Alameda Professor Hernani Monteiro,1
Rua do Alferes Malheiro,Rua Professor Vicente Jose de Carvalho,1
Rua Delfim Maia,Rua do Campo Lindo,1
Rua das Condominhas,Rua do Passeio Alegre,1
Largo da Estacao,Rua dos Campeoes Europeus,1
Rua do Pinhal,Circular Regional Interna do Porto,1
Rua da Restauracao,IP3,1
Largo da Estacao,Praca do Marques de Pombal,1
Rua Farrapas,Rua Antero de Quental,1
Rua do Infante Dom Henrique,Rua Clube Fluvial Portuense,1
Rua Professor Manuel Baganha,Praca do Marques de Pombal,1
Rua de Sa da Bandeira,Rua de Antonio Patricio,1
Alameda Professor Hernani Monteiro,Rua Pereira Reis,1
Rua da Fabrica A Invencivel,Rua de Belomonte,1
Rua Afonso de Albuquerque,Rua da Ribeira Negra,1
Rua de Barros Lima,Rua Doutor Placido da Costa,1
Rua de Antonio Cardoso,Rua dos Lameiroes,1
Largo Paz,Rua dos Herois e dos Martires de Angola,1
Rua de 5 de Outubro,Praca de Mouzinho de Albuquerque,1
Rua de Anibal Cunha,Rua de Sao Dinis,1
Rua Cha,Rua do Cativo,1
Rua de Faria Guimaraes,Praca do Marques de Pombal,1
Rua de Delfim Ferreira,Avenida do Doutor Antunes Guimaraes,1
Rua da Assuncao,Rua Campo dos Martires da Patria,1
Rua do Tenente Valadim,Avenida Associacao Empresarial de Portugal,1
Rua de Julio Dinis,IP3,1
Esplanada do Castelo,Rua de Alfredo Cunha,1
Rua Beato Inacio de Azevedo,Praca de Almeida Garrett,1
Rua de Costa Cabral,Rua de Diogo Cao,1
Avenida de Paiva Couceiro,Rua Granja,1
Rua 5 de Outubro,Estrada da Circunvalacao,1
Rua Conego Ferreira Pinto,Rua de Oliveira Monteiro,1
Rua Conde Avranches,Rua da Telheira,1
Rua Doutor Alberto Aires de Gouveia,Rua da Restauracao,1
Rua do Paraiso,Rua de Santos Pousada,1
Praca de Mouzinho de Albuquerque,Rua Joaquim Antonio de Aguiar,1
Rua Barbosa Du Bocage,Praca da Galiza,1
Avenida Conselho da Europa,Avenida da Franca,1
Avenida de Fernao de Magalhaes,Travessa dos Campos,1
Rua da Estacao,Praca de Carlos Alberto,1
Rua de Justino Teixeira,N13,1
Rua de Anibal Cunha,Rua de Pedro Hispano,1
Rua de Nossa Senhora de Fatima,Rua de Joao Pedro Ribeiro,1
Rua Particular Novais da Cunha,Circular Regional Interna do Porto,1
Largo do Monteiro,Circular Regional Interna do Porto,1
Rua Dom Afonso Henriques,Rua Joaquim de Vasconcelos,1
Rua do Bonfim,Rua Doutor Antonio Luis Gomes,1
Rua Sao Roque da Lameira,Rua de Pinto Bessa,1
Rua da Restauracao,Praca da Galiza,1
Estrada da Circunvalacao,Rua de Sao Tome,1
Rua Professor Vicente Jose de Carvalho,Praca de Almeida Garrett,1
Rua Seara,Rua do Ateneu Comercial do Porto,1
Rua de Alvares Cabral,Praca da Liberdade,1
Rua Jose Monteiro da Costa,Via Futebol Clube do Porto,1
Rua do Heroismo,Largo Soares dos Reis,1
Rua de Serpa Pinto,Rua do Alferes Malheiro,1
Alameda Arquitecto Carlos Ramos,Rua da Estacao,1
Rua Professor Manuel Baganha,Circular Regional Interna do Porto,1
Rua Delfim Maia,Avenida Antunes Guimaraes,1
Rua de Fernandes Tomas,Rua Sistelo,1
Rua Clube dos Fenianos,Praca da Liberdade,1
Rua do Campo Alegre,Rua Antonio Bessa Leite,1
Rua Dom Antonio Meireles,Praca de Almeida Garrett,1
Rua Engenheiro Luis Delgado dos Santos,Rua Doutor Pedro de Sousa,1
Rua do Duque de Loule,Rua de Alexandre Herculano,1
Estrada da Circunvalacao,Praceta de Henrique Moreira,1
Rua Doutor Aarao de Lacerda,Avenida do Aeroporto,1
Circular Regional Interna do Porto,Rua Doutor Placido da Costa,1
Avenida Fontes Pereira de Melo,Rua Central de Francos,1
Praca de Almeida Garrett,Praca de Mouzinho de Albuquerque,1
Avenida de Paiva Couceiro,Ponte Luis I,1
Avenida Mario Brito,Via de Cintura Interna,1
Rua de Doutor Eduardo Torres,Estrada da Circunvalacao,1
Rua dos Navegantes,Rua Carlos Malheiro Dias,1
Rua Goncalo Mendes da Maia,Rua General Humberto Delgado,1
Rua de Rebordaos,Avenida de Fernao de Magalhaes,1
Rua Abilio de Azevedo,Rua de Entrecampos,1
Rua do Infante Dom Henrique,Avenida de Diogo Leite,1
Rua Pinheiro de Campanha,Largo da Estacao,1
Rua Campo dos Martires da Patria,Rua Delfim Maia,1
Praca do Marques de Pombal,Rua Professor Alvaro Rodrigues,1
Rua Almeida Garrett,Rua Afonso de Albuquerque,1
Rua Caetano de Melo,Rua Azevedo Magalhaes,1
Rua de Camoes,Rua do Barao de Forrester,1
Rua Campo dos Martires da Patria,Rua da Praia,1
Rua de Diogo Botelho,Rua de Diu,1
Rua Diu,Praceta Cristovao Falcao,1
Estrada da Circunvalacao,Avenida de Paiva Couceiro,1
Rua do Ouro,Muro dos Bacalhoeiros,1
Rua do Bonjardim,Rua de Antero de Quental,1
Alameda Professor Hernani Monteiro,Rua Arquitecto Lobao Vital,1
Rua do Progresso,Rua do Campo Alegre,1
Rua de Diogo Botelho,Circular Regional Interna do Porto,1
Rua Doutor Roberto Frias,Rua Alvaro de Casteloes,1
Rua de Adolfo Casais Monteiro,Rua de Julio Dinis,1
Estrada da Circunvalacao,Rua Alto do Viso,1
Rua Beato Inacio de Azevedo,Avenida de Diogo Leite,1
Rua da Constituicao,Rua Professor Manuel Baganha,1
Rua de Augusto Rosa,Travessa de Sao Bento,1
Rua Hernani Torres,Rua Professor Correia de Araujo,1
Rua do Doutor Pedro Dias,Rua de Silva Tapada,1
Rua de Augusto Luso,Largo do Priorado,1
Rua do Bicalho,Avenida do Marechal Gomes da Costa,1
Rua Lameira Cima,Rua Conde Castelo Melhor,1
Avenida da Boavista,Rua Airosa,1
Rua Formosa,Rua do Heroismo,1
Rua de Sarmento de Beires,Rua Arquitecto Cassiano Barbosa,1
Rua de Passos Manuel,Rua do Campo Alegre,1
Rua de Damiao de Gois,Rua do General Torres,1
Praca do Marques de Pombal,Rua de Santa Catarina,1
Rua de Dom Joao Iv,Avenida dos Aliados,1
Praca do Exercito Libertador,Rua de Camoes,1
Rua de Alvares Cabral,Rua de Goncalo Cristovao,1
Rua Engenheiro Ferreira Dias,Rua Manuel Pinto de Azevedo,1
Rua do Campinho,Rua de Sao Goncalo,1
Rua do Campo Alegre,Rua Jose Monteiro Salazar,1
Rua Clube dos Fenianos,Rua do Zambeze,1
Rua da Restauracao,Rua do Ateneu Comercial do Porto,1
Rua de Sao Dinis,Hospital de Sao Joao,1
Rua de Martim Moniz,Avenida do Doutor Antunes Guimaraes,1
Rua de Alexandre Herculano,Rua do Heroismo,1
Rua de Pinto Bessa,Praca da Batalha,1
Rua do Monte dos Burgos,Rua de Cedofeita,1
Rua Professor Vicente Jose de Carvalho,Rua Campo dos Martires da Patria,1
Rua Nossa Senhora Calvario,Rua Sao Roque da Lameira,1
Rua de Domingos Sequeira,Rua Antonio Bessa Leite,1
Rua Doutor Joaquim Pires de Lima,Rua de Santos Pousada,1
Rua de Julio Dinis,Rua Ramalde do Meio,1
Avenida da Boavista,Rua de 5 de Outubro,1
Rua do Cerco do Porto,Rua do Bonfim,1
Rua do Barao de Forrester,Rua de Cedofeita,1
Avenida do Marechal Gomes da Costa,Rua do Doutor Barbosa de Castro,1
Rua de Sao Pedro,Rua Eduardo Castro Gandra,1
IC1,Rua Martir Sao Sebastiao,1
Rua de Martim Moniz,Avenida Mario Brito,1
Rua do Almada,Rua dos Clerigos,1
Rua Doutor Tiago de Almeida,Rua Diogo Couto,1
Rua da Bandeirinha,Calcada Monchique,1
Rua de Julio Dinis,Rua da Rainha Dona Estefania,1
Rua de Alves Redol,Rua de Antero de Quental,1
Rua de Guerra Junqueiro,Rua da Piedade,1
Avenida da Franca,Rua Manuel Pinto de Azevedo,1
Urbanizacao Maos a Obra,Avenida Conduta,1
Avenida de Fernao de Magalhaes,E82,1
Rua da Ribeira Negra,Cais da Ribeira,1
Avenida da Boavista,Rua Particular N 3 Castelo do Queijo,1
Rua da Ribeira Negra,Rua da Estacao,1
Rua Gomes Freire,Rua de Passos Manuel,1
Rua de Sa da Bandeira,Rua Sacadura Cabral,1
Rua da Firmeza,Rua do Bonfim,1
Rua do Campo Alegre,Viaduto do Cais das Pedras,1
Rua do Campo Alegre,Rua Rui de Pina,1
Praca da Alegria,Passeio das Fontainhas,1
Rua Oliveira Martins,Alameda Eca de Queiros,1
Rua do Bonfim,Campo 24 de Agosto,1
Rua Dom Frei Vicente da Soledade e Castro,Rua Doutor Placido da Costa,1
Rua Alvaro de Casteloes,Rua de Faria Guimaraes,1
Praca da Liberdade,Rua Doutor Alberto Aires de Gouveia,1
Avenida de Fernao de Magalhaes,Rua do Major David Magno,1
Rua Lagos,Rua de Pelagio,1
Rua Capitao Salgueiro Maia,Rua do Doutor Ricardo Jorge,1
Rua da Alegria,Rua de Fernandes Tomas,1
Rua de Pinto Bessa,Rua da Alegria,1
N12,Rua Santa Luzia,1
Praca de Almeida Garrett,Via Panoramica Edgar Cardoso,1
Rua de Julio Dinis,Rua Beato Inacio de Azevedo,1
Rua Dom Joao de Franca,Avenida Oliveira Martins,1
Rua de Brito Capelo,Rua de Guerra Junqueiro,1
Rua de Ferreira Borges,Praca da Liberdade,1
Avenida 29 de Marco,Avenida de Paiva Couceiro,1
Rua Nova da Alfandega,Rua de Mouzinho da Silveira,1
VRI,Hospital de Sao Joao,1
Rua de Camoes,Rua Tareija Vaz de Altaro,1
Rua Professor de Abel Salazar,Rua de Camoes,1
Praca de Dom Joao I,Rua Sao Roque da Lameira,1
Avenida Calouste Gulbenkian,Praceta Cristovao Falcao,1
Rua de Alvares Cabral,Largo da Estacao,1
Rua Doutor Antonio Luis Gomes,Hospital de Sao Joao,1
N12,Rua do Freixo,1
Avenida da Boavista,Rua Conde de Castro,1
Rua Fonte das Sete Bicas,Avenida Fabril do Norte,1
Rua de Clemente Meneres,Praca da Liberdade,1
Rua de Goncalo Sampaio,Rua da Venezuela,1
Praca Bom Sucesso,Rua de Entrecampos,1
Estrada da Circunvalacao,Rua Sao Roque da Lameira,1
Rua de Clemente Meneres,Rua Dom Joao de Castro,1
Rua Campo dos Martires da Patria,Rua Professor de Abel Salazar,1
Praca de Almeida Garrett,Avenida Dom Afonso Henriques,1
Rua Alexandre Fleming,Rua de Faria Guimaraes,1
Rua do Ouro,Viaduto do Cais das Pedras,1
Rua Lidador,Rua de Diogo Botelho,1
N14,Via Norte,1
Rua Joao de Barros,Rua Professor Luis Pina,1
Rua do Campo Alegre,Rua do Molhe,1
Rua de Sarmento de Beires,Rua de Pedro Hispano,1
Praca de Mouzinho de Albuquerque,Rua da Boa Nova,1
Rua Doutor Nunes da Ponte,Rua de Sao Bento da Vitoria,1
Rua do Ouro,Avenida da Republica,1
Praca de Mouzinho de Albuquerque,Central de Camionagem da Batalha,1
Largo de Ferreira Lapa,Rua de Julio Dinis,1
Rua Professor Alvaro Rodrigues,Rua Preciosa,1
Rua da Restauracao,Via de Cintura Interna,1
Praca de Dona Filipa de Lencastre,Avenida da Boavista,1
Via Periferica da Maia,Rua da Madeira,1
Rua do Campo Alegre,Rua de Agramonte,1
Rua do Almada,Rua do Cunha,1
Rua de Agramonte,Rua da Meditacao,1
Rua de Fonseca Cardoso,Estrada da Circunvalacao,1
Rua de Egas Moniz,Praca da Liberdade,1
Rua do Monte Cativo,Avenida do Bessa,1
Rua do Barao de Forrester,Rua da Alegria,1
Rua de Antero de Quental,Rua Conde Aurora,1
Rua Sao Joao de Brito,Rua do Pinheiro Manso,1
Rua da Estacao,Praca da Batalha,1
Praca do Marques de Pombal,Rua de Goncalo Cristovao,1
Avenida de Fernao de Magalhaes,Travessa das Antas,1
Rua do Ouro,Travessa Prelada,1
Rua Sao Joao de Brito,Rua Beato Inacio de Azevedo,1
Rua de Ramalho Ortigao,Rua Jorge de Viterbo Ferreira,1
Avenida dos Aliados,Rua de Belomonte,1
Rua da Venezuela,Cais de Gaia,1
Rua de Passos Manuel,Rua de Santo Ildefonso,1
Circular Regional Interna do Porto,Rua Doutor Sousa Rosa,1
Rua do Casal,Rua da Constituicao,1
Rua da Senhora da Luz,Rua Pintor Arpad Szenes,1
Rua de Oliveira Monteiro,Avenida Doutor Germano Vieira,1
Rua de Dom Pedro V,Alameda Basilio Teles,1
Rua de Goncalo Sampaio,Praca de Mouzinho de Albuquerque,1
Rua de Antonio Cardoso,Rua de Guerra Junqueiro,1
Rua do Almada,Praca General Humberto Delgado,1
Rua do Bonfim,Avenida de Fernao de Magalhaes,1
Largo Padre Baltasar Guedes,Estrada da Circunvalacao,1
Avenida Mario Brito,Circular Regional Interna do Porto,1
Avenida Antonio Domingues dos Santos,Avenida Calouste Gulbenkian,1
Rua de Fernandes Tomas,Rua Comandante Rodolfo de Araujo,1
Rua de Serralves,Rua de Diogo Botelho,1
Rua de Francos,Rua Mormugao,1
Rua de Agramonte,Rua Sara Afonso,1
Rua de Entrecampos,VRI,1
Avenida da Franca,Estrada da Circunvalacao,1
Avenida da Franca,Estrada Monte de Godim,1
Rua da Conceicao,Rua do General Silveira,1
N14,Rua da Coopermaia,1
Rua de Pedro Hispano,Rua de Domingos Machado,1
Rua Doutor Alves da Veiga,Rua do Alto da Fontinha,1
Rua de Camoes,Rua de Mouzinho da Silveira,1
Cais Capelo Ivens,Via Rosa Mota,1
Rua Camilo Castelo Branco,Praca de Mouzinho de Albuquerque,1
Rua Doutor Tiago de Almeida,Rua da Boavista,1
Rua Alberto Augusto Mendonca,Avenida Associacao Empresarial de Portugal,1
Rua de Julio Ramos,Travessa 9 de Abril,1
Rua Sociedade Protectora dos Animais,Rua Amorim de Carvalho,1
Largo Sao Domingos,Praca da Batalha,1
Rua do Bom Sucesso,Largo do Priorado,1
EM615,Rua das Taipas,1
Rua de Rebordaos,N12,1
Rua da Renascenca Portuguesa,Rua Vasques de Mesquita,1
Rua da Alegria,Rua da Bataria,1
Rua do Pinhal,Avenida dos Aliados,1
Rua do Sargento Abilio,Rua de 5 de Outubro,1
Rua de Joao Pedro Ribeiro,Rua de Sa da Bandeira,1
Rua de Serpa Pinto,Largo de Aljubarrota,1
Avenida dos Aliados,Rua da Boavista,1
Rua Dos Luzares,Rua Carlos Malheiro Dias,1
Rua Dom Joao Coutinho,Rua de Diogo Botelho,1
Rua de Sa da Bandeira,Avenida de Diogo Leite,1
Rua Pedro Homem de Melo,Rua Professor Augusto Nobre,1
Travessa Herois da Patria,Rua da Castanheira,1
Rua Doutor Placido da Costa,Rua Doutor Manuel Laranjeira,1
Rua Pescadores,Rua de Dom Manuel II,1
E82,Rua da Cidade de Vigo,1
VRI,Estrada da Circunvalacao,1
Rua da Fabrica A Invencivel,Circular Regional Interna do Porto,1
Avenida do Marechal Gomes da Costa,Rua do Marechal Saldanha,1
Praca Ribeira,Avenida de Paiva Couceiro,1
Rua Palmeira,Avenida da Republica,1
Rua Alfredo Allen,Rua Padre Luis Antonio Farinhote,1
Rua da India,Avenida do Brasil,1
Travessa do Covelo,Rua de Faria Guimaraes,1
Estrada da Circunvalacao,Rua do Duque de Loule,1
Avenida Mario Brito,Rua de Camoes,1
Avenida de Fernao de Magalhaes,Rua 5 de Outubro,1
Praca da Galiza,Rua de Entrecampos,1
Via de Cintura Interna,Rua da Praia,1
Rua Lages,VRI,1
IP1,VRI,1
Travessa Castelo,Rua da Boavista,1
Circular Regional Interna do Porto,Travessa Monte Crasto,1
Rua Arquitecto Cassiano Barbosa,Avenida da Boavista,1
Rua do Tenente Valadim,Rua da Constituicao,1
Rua de Oliveira Monteiro,Rua do Amial,1
Rua de Pinto Bessa,Rua Engenheiro Frederico Ulrich,1
Avenida de Fernao de Magalhaes,Rua Sao Roque da Lameira,1
Circular Regional Interna do Porto,Rua Bernardim Ribeiro,1
Praca de 9 de Abril,Rua Antonio Carneiro,1
Rua de Clemente Meneres,Avenida da Boavista,1
Rua de Costa e Almeida,Rua do Estevao,1
Rua de Alvares Cabral,Rua Nova de Sao Crispim,1
Rua de Pinto Bessa,Central de Camionagem da Batalha,1
Avenida do Rio Tinto,Rua Sao Cristovao,1
Avenida Vasco da Gama,Rua Engenheiro Luis Delgado dos Santos,1
Viaduto de Goncalo Cristovao,Avenida da Boavista,1
Rua Carreiros,Rua Filipa de Vilhena,1
Rua do Heroismo,Praca da Batalha,1
Campo 24 de Agosto,Rua de Bras Cubas,1
Avenida dos Aliados,Praca de Almeida Garrett,1
Via Engenheiro Edgar Cardoso,Rua Joao de Deus,1
Rua da Cooperativa,Travessa Prelada,1
Rua Azevedo Magalhaes,Circular Regional Interna do Porto,1
Rua de Pinto Bessa,Rua de Saraiva de Carvalho,1
Rua Dom Joao de Mascarenhas,Rua Pintor Antonio Cruz,1
Via de Cintura Interna,Via Norte,1
Rua do Carvalhido,Rua do Monte dos Burgos,1
Rua de Duarte Barbosa,Praca de Mouzinho de Albuquerque,1
Rua de Alexandre Herculano,Rua Professor de Abel Salazar,1
Estrada da Circunvalacao,Rua Monserrate,1
Rua de 31 de Janeiro,Praca de Almeida Garrett,1
Rua da Constituicao,Rua do Zambeze,1
Via de Cintura Interna,Travessa Condominhas,1
Rua Morena,Avenida Joao de Deus,1
Rua Cidade da Beira,Rua Cidade do Mindelo,1
Rua Gaspar Correia,Praca da Liberdade,1
Rua de Contumil,Hospital Magalhaes Lemos,1
Rua Pinho Leal,Rua da India,1
Rua de Passos Manuel,Rua de Pinto Bessa,1
Rua de Augusto Lessa,Hospital de Sao Joao,1
Rua de Dom Manuel II,Rua de 31 de Janeiro,1
Rua de Julio Dinis,Rua de Ricardo Severo,1
Rua Fernando Pessoa,Rua Doutor Antonio Bernardino de Almeida,1
Rua de Vila Nova,Rua Vitorio Falcao,1
Circular Regional Interna do Porto,Rua Sara Afonso,1
Rua de Vale Formoso,Praca de Dona Filipa de Lencastre,1
Rua de Serpa Pinto,Rua Dona Leonor de Freitas,1
Rua Dom Joao de Mascarenhas,Avenida da Boavista,1
Rua da Alegria,Rua Doutor Placido da Costa,1
Rua Sao Joao de Brito,Via de Cintura Interna,1
Rua do Alferes Malheiro,Rua de Faria Guimaraes,1
Rua das Condominhas,Avenida Dom Afonso Henriques,1
Rua de Guedes de Azevedo,Rua do Bolhao,1
Avenida da Franca,Avenida Mario Brito,1
Rua do Rosario,Avenida da Boavista,1
Rua do Doutor Magalhaes Lemos,Praca da Galiza,1
Rua Delfim Maia,Alameda Professor Hernani Monteiro,1
Travessa Cimo de Vila,Avenida de Diogo Leite,1
Rua Quinta,Rua Doutor Alberto Aires de Gouveia,1
Via Futebol Clube do Porto,Rua Camilo Castelo Branco,1
Rua Delfim Maia,Rua Doutor Antonio Bernardino de Almeida,1
Rua de Antonio Cardoso,Rua da Ribeira Negra,1
Avenida da Boavista,Rua Doutor Alberto Aires de Gouveia,1
Rua Alexandre Herculano,VRI,1
Rua de Fernandes Tomas,Rua do Alferes Malheiro,1
Rua de Camoes,Rua Santa Luzia,1
Via de Cintura Interna,Rua Arquitecto Marques da Silva,1
Rua Lidador,Rua de Martim Moniz,1
Rua do Rosario,Rua de Alvares Cabral,1
Rua do Padrao,Rua de Agramonte,1
Rua Camilo Castelo Branco,Avenida Escultores,1
Avenida da Boavista,Esplanada do Castelo,1
Rua do Ateneu Comercial do Porto,Rua do Duque de Saldanha,1
Rua de Mouzinho da Silveira,Rua de Sao Joao,1
Rua da Igreja de Paranhos,Rua da Constituicao,1
Rua do Carvalhido,Rua Armando Laroze Rocha,1
IC1,Avenida do Aeroporto,1
Via Futebol Clube do Porto,Estrada da Circunvalacao,1
Rua Souto de Contumil,Via Futebol Clube do Porto,1
Via de Cintura Interna,Rua Joao Grave,1
Rua Nova de Sao Crispim,Rua de Sa da Bandeira,1
Rua da Constituicao,Rua Professor de Abel Salazar,1
Rua Doutor Lopo de Carvalho,N12,1
Rua Escura,Rua do Duque de Saldanha,1
Avenida da Boavista,Via do Castelo do Queijo,1
Avenida de Paiva Couceiro,Rua do Bom Sucesso,1
Rua de Goncalo Sampaio,Rua dos Bragas,1
Rua Lopo Soares de Albergaria,Rua Doutor Correia Pinto,1
Avenida Conselho da Europa,Rua de Serpa Pinto,1
Rua Ciriaco Cardoso,Rua da Vilarinha,1
Rua do Amial,Rua da Telheira,1
Avenida de Rodrigues de Freitas,Largo Padre Baltasar Guedes,1
Avenida de Fernao de Magalhaes,Avenida da Boavista,1
Rua de Gondarem,Rua Rui Barbosa,1
Alameda das Antas,Travessa Parque Nascente,1
Rua de Nossa Senhora de Fatima,Rua da Bouca,1
Rua do Campo Alegre,Praca da Galiza,1
Avenida de Paiva Couceiro,Rua da Fabrica A Invencivel,1
Via de Cintura Interna,Rua De Azevedo De Albuquerque,1
Via Engenheiro Edgar Cardoso,Largo da Ramada Alta,1
